Date,pc1_var_explained
2015-05-13,0.7147612858590838
2015-05-14,0.7079488771831789
2015-05-15,0.7046352491639891
2015-05-18,0.7062745483198022
2015-05-19,0.6927709530057634
2015-05-20,0.6914825255401211
2015-05-21,0.6896909414550698
2015-05-22,0.6891813945298435
2015-05-26,0.6982490113602314
2015-05-27,0.6918082553677556
2015-05-28,0.6839722011754396
2015-05-29,0.6863172139757466
2015-06-01,0.68695566161021
2015-06-02,0.6838930410592152
2015-06-03,0.6821104818199509
2015-06-04,0.6876571102019483
2015-06-05,0.6917913499842043
2015-06-08,0.6880058525027325
2015-06-09,0.6862922128091781
2015-06-10,0.6960021300664408
2015-06-11,0.6903036898436781
2015-06-12,0.6874399173502201
2015-06-15,0.6885963438286744
2015-06-16,0.6841962902278635
2015-06-17,0.6897216001574886
2015-06-18,0.6919648306721877
2015-06-19,0.6902718872423365
2015-06-22,0.694346309529653
2015-06-23,0.6923889150338035
2015-06-24,0.6957490517054729
2015-06-25,0.6936045139003806
2015-06-26,0.6920332599168479
2015-06-29,0.7125857083018264
2015-06-30,0.7143090192460962
2015-07-01,0.7082431499372617
2015-07-02,0.7071324725433542
2015-07-06,0.7088076502631021
2015-07-07,0.7141742779706445
2015-07-08,0.7253143097738876
2015-07-09,0.7257593916171999
2015-07-10,0.730623629512044
2015-07-13,0.7348965580251332
2015-07-14,0.7362487516160572
2015-07-15,0.7256287703088399
2015-07-16,0.7267193910757289
2015-07-17,0.709893994045155
2015-07-20,0.7099993189103294
2015-07-21,0.7163527830795474
2015-07-22,0.7069573521434772
2015-07-23,0.699970350752105
2015-07-24,0.7020834313659847
2015-07-27,0.6974441166045385
2015-07-28,0.7047088898804328
2015-07-29,0.7025811902460266
2015-07-30,0.7024465633462986
2015-07-31,0.697227846431233
2015-08-03,0.7077428639373574
2015-08-04,0.7077916516100753
2015-08-05,0.7074945940461843
2015-08-06,0.6854882688836268
2015-08-07,0.6814645145075592
2015-08-10,0.689981628437536
2015-08-11,0.6893144304530856
2015-08-12,0.6826632165586694
2015-08-13,0.6823183223163193
2015-08-14,0.6836195975198676
2015-08-17,0.683480721290559
2015-08-18,0.6840902178038164
2015-08-19,0.6881441050292568
2015-08-20,0.7098050810742685
2015-08-21,0.7453285034222781
2015-08-24,0.7902145405804327
2015-08-25,0.7913335278425672
2015-08-26,0.8170000039092133
2015-08-27,0.8269460309105705
2015-08-28,0.8210108823240504
2015-08-31,0.8149902826452502
2015-09-01,0.8274886402203848
2015-09-02,0.8333218732663182
2015-09-03,0.8314011276806555
2015-09-04,0.8352015530590347
2015-09-08,0.840659244322693
2015-09-09,0.8424376575684469
2015-09-10,0.8437668296937505
2015-09-11,0.8418902447433032
2015-09-14,0.842099889439984
2015-09-15,0.8456268637428973
2015-09-16,0.8407098935840344
2015-09-17,0.8370041521901785
2015-09-18,0.8407664812205485
2015-09-21,0.834803610525061
2015-09-22,0.8354419418761061
2015-09-23,0.8351976008695372
2015-09-24,0.8330709666047782
2015-09-25,0.8210933386167383
2015-09-28,0.8286683324975335
2015-09-29,0.8281408248868806
2015-09-30,0.8323621930723618
2015-10-01,0.830680423881
2015-10-02,0.8293945306188513
2015-10-05,0.8292791524579237
2015-10-06,0.8200232740559206
2015-10-07,0.8205889402583113
2015-10-08,0.8212586367589828
2015-10-09,0.8210289708046754
2015-10-12,0.8193212106460847
2015-10-13,0.8200578640488376
2015-10-14,0.818764997737798
2015-10-15,0.8214306147821357
2015-10-16,0.8196513804967286
2015-10-19,0.8177407058860844
2015-10-20,0.8143054241936352
2015-10-21,0.8154060070443918
2015-10-22,0.8111937658082093
2015-10-23,0.8080688391627523
2015-10-26,0.8060727784727633
2015-10-27,0.8021377101017515
2015-10-28,0.8027905678497234
2015-10-29,0.8022452371970575
2015-10-30,0.7997744164159352
2015-11-02,0.802746073057015
2015-11-03,0.8015657991922905
2015-11-04,0.7973685606090608
2015-11-05,0.7967834356733173
2015-11-06,0.7986671403900425
2015-11-09,0.7998650260513193
2015-11-10,0.7986662693476262
2015-11-11,0.7981159533618557
2015-11-12,0.7972328741142615
2015-11-13,0.796094721889579
2015-11-16,0.797604651650304
2015-11-17,0.796214556697018
2015-11-18,0.7989136677538609
2015-11-19,0.7989117136787028
2015-11-20,0.7976366093744766
2015-11-23,0.800439991132419
2015-11-24,0.7999629555202908
2015-11-25,0.7994404576069236
2015-11-27,0.8034743025891116
2015-11-30,0.8024153489943933
2015-12-01,0.8027134023135
2015-12-02,0.8031139525805584
2015-12-03,0.8056502203039781
2015-12-04,0.8016423471820215
2015-12-07,0.8002761194510662
2015-12-08,0.8010354228502636
2015-12-09,0.7982229276235137
2015-12-10,0.7984221484172592
2015-12-11,0.8034499982453117
2015-12-14,0.8089807281816344
2015-12-15,0.8099478607526455
2015-12-16,0.8071710967769805
2015-12-17,0.8103113456961465
2015-12-18,0.8144357762330244
2015-12-21,0.8154792823873428
2015-12-22,0.8163548062813549
2015-12-23,0.8157779694549336
2015-12-24,0.8156873384871439
2015-12-28,0.8153657550218307
2015-12-29,0.8122652768447925
2015-12-30,0.8034587070255496
2015-12-31,0.7803260122731617
2016-01-04,0.7783145366354749
2016-01-05,0.7627100574879037
2016-01-06,0.7556448775636587
2016-01-07,0.7655211199463996
2016-01-08,0.7703917806219918
2016-01-11,0.7547145665860874
2016-01-12,0.7530784723161076
2016-01-13,0.7629095981976348
2016-01-14,0.7651604533374448
2016-01-15,0.7638078613475467
2016-01-19,0.7593515302045083
2016-01-20,0.7567728238154765
2016-01-21,0.7534342704794312
2016-01-22,0.7604754799032787
2016-01-25,0.7604991447423685
2016-01-26,0.7627294960224433
2016-01-27,0.7641264187236229
2016-01-28,0.7487353014445438
2016-01-29,0.7594625196854964
2016-02-01,0.7580721411350041
2016-02-02,0.7634309410913711
2016-02-03,0.7616020945723004
2016-02-04,0.7715219864791815
2016-02-05,0.764647747360231
2016-02-08,0.7655089631872795
2016-02-09,0.7581202616694447
2016-02-10,0.7573787751352103
2016-02-11,0.751604179382411
2016-02-12,0.7506335547712745
2016-02-16,0.7621724706983813
2016-02-17,0.7655455286866039
2016-02-18,0.765734842646065
2016-02-19,0.7667283232081269
2016-02-22,0.770897183927341
2016-02-23,0.773349093533731
2016-02-24,0.7740084441568095
2016-02-25,0.7711156966113889
2016-02-26,0.77035573539278
2016-02-29,0.7726516882173651
2016-03-01,0.7832382758852514
2016-03-02,0.7818688592683131
2016-03-03,0.7850384372268979
2016-03-04,0.7878881812140232
2016-03-07,0.7869833629030069
2016-03-08,0.7940916563619487
2016-03-09,0.7920418642653052
2016-03-10,0.7924748334208499
2016-03-11,0.798123249592788
2016-03-14,0.7963354884581892
2016-03-15,0.7951521003002928
2016-03-16,0.7935131068241961
2016-03-17,0.7900395449855707
2016-03-18,0.7909563473820055
2016-03-21,0.789722565212029
2016-03-22,0.7897210309429312
2016-03-23,0.790914061232039
2016-03-24,0.7883608082682522
2016-03-28,0.7903235830747257
2016-03-29,0.7866214568896934
2016-03-30,0.7872027262218905
2016-03-31,0.784413514481042
2016-04-01,0.7856985958975543
2016-04-04,0.7844157679898903
2016-04-05,0.7857932913251835
2016-04-06,0.7864229699445291
2016-04-07,0.7875802653251611
2016-04-08,0.7865775801507073
2016-04-11,0.7877990781336154
2016-04-12,0.788421207689452
2016-04-13,0.787027330326899
2016-04-14,0.7844142865143332
2016-04-15,0.7878658135975678
2016-04-18,0.7895116917061747
2016-04-19,0.7881194126921115
2016-04-20,0.7915588242075483
2016-04-21,0.7902952043731205
2016-04-22,0.7774294659648259
2016-04-25,0.7772547664887197
2016-04-26,0.7744196576106153
2016-04-27,0.7749763538287767
2016-04-28,0.772864481179648
2016-04-29,0.7683856766513857
2016-05-02,0.7681598770316016
2016-05-03,0.7679303173918333
2016-05-04,0.766959897507879
2016-05-05,0.7671926230864701
2016-05-06,0.7663640328882849
2016-05-09,0.7620935632318744
2016-05-10,0.7635696479688381
2016-05-11,0.7640870110998838
2016-05-12,0.7637336234353083
2016-05-13,0.7642092500200162
2016-05-16,0.7631198449106821
2016-05-17,0.7537292974672019
2016-05-18,0.7476542240958105
2016-05-19,0.7518455905493018
2016-05-20,0.7524060661569493
2016-05-23,0.7411268459418286
2016-05-24,0.7369115274972643
2016-05-25,0.7292262974058297
2016-05-26,0.7303351503077745
2016-05-27,0.7313640007053172
2016-05-31,0.7357982862019485
2016-06-01,0.7262851136107635
2016-06-02,0.7182415855206827
2016-06-03,0.715319514435327
2016-06-06,0.7159448472144327
2016-06-07,0.7324679730210761
2016-06-08,0.7216228768789089
2016-06-09,0.7237805278899663
2016-06-10,0.7140316803274056
2016-06-13,0.7202102155539418
2016-06-14,0.719123739078915
2016-06-15,0.709668132884377
2016-06-16,0.704786172550847
2016-06-17,0.7067450112999897
2016-06-20,0.7098958496053482
2016-06-21,0.7117102901761636
2016-06-22,0.7071181077676671
2016-06-23,0.7081976853856169
2016-06-24,0.7368312390836435
2016-06-27,0.7478216606493312
2016-06-28,0.758213700129657
2016-06-29,0.7590996341489886
2016-06-30,0.7551637065685253
2016-07-01,0.7548872576568123
2016-07-05,0.7558950930112419
2016-07-06,0.756630813690426
2016-07-07,0.7536618195444537
2016-07-08,0.7441406053652079
2016-07-11,0.7441622630234682
2016-07-12,0.7474638259770643
2016-07-13,0.747894951775997
2016-07-14,0.7538622569697195
2016-07-15,0.7514214605307225
2016-07-18,0.7517444201774078
2016-07-19,0.7517831230078434
2016-07-20,0.7392437829063107
2016-07-21,0.738705919189472
2016-07-22,0.7436538676554788
2016-07-25,0.7467224840430438
2016-07-26,0.7545274159596231
2016-07-27,0.7523754056942104
2016-07-28,0.7531763069254751
2016-07-29,0.7552319395579895
2016-08-01,0.7434377811431764
2016-08-02,0.7421965842310876
2016-08-03,0.7400185357257174
2016-08-04,0.740884591370422
2016-08-05,0.7406805148277765
2016-08-08,0.7367846179258486
2016-08-09,0.7414148151592602
2016-08-10,0.7475815985695615
2016-08-11,0.7448798827751734
2016-08-12,0.7466020979692072
2016-08-15,0.7437197005306556
2016-08-16,0.745845702536317
2016-08-17,0.7472783010982387
2016-08-18,0.7421561351146065
2016-08-19,0.7417438588919021
2016-08-22,0.7407702515151152
2016-08-23,0.7405185762555575
2016-08-24,0.7361406778088168
2016-08-25,0.7389704708707624
2016-08-26,0.7380074057461841
2016-08-29,0.7410853349413384
2016-08-30,0.7539110174727972
2016-08-31,0.7531802078402189
2016-09-01,0.7573330461743369
2016-09-02,0.7620344532376689
2016-09-06,0.7589070647749103
2016-09-07,0.7602078422637365
2016-09-08,0.7539078215844143
2016-09-09,0.766043324243363
2016-09-12,0.7666518374648118
2016-09-13,0.7732366386500764
2016-09-14,0.7744779532452271
2016-09-15,0.7817670753708926
2016-09-16,0.7778830725516485
2016-09-19,0.7780607173811313
2016-09-20,0.7783508863413079
2016-09-21,0.7797199089438962
2016-09-22,0.7776106734195255
2016-09-23,0.781195624903457
2016-09-26,0.7875715390129712
2016-09-27,0.7852278898404267
2016-09-28,0.7739983304909832
2016-09-29,0.7723378053358252
2016-09-30,0.773100725587436
2016-10-03,0.771265268722289
2016-10-04,0.7707709092319678
2016-10-05,0.7706211011304209
2016-10-06,0.7705311843808087
2016-10-07,0.771338514734199
2016-10-10,0.7767566975829963
2016-10-11,0.776225854477288
2016-10-12,0.7764152250781318
2016-10-13,0.7809083321031012
2016-10-14,0.7790320256829733
2016-10-17,0.7796412082109677
2016-10-18,0.7761922041038539
2016-10-19,0.7740518175921388
2016-10-20,0.7764089505293704
2016-10-21,0.7755923801486545
2016-10-24,0.7739585179044971
2016-10-25,0.7782841606762501
2016-10-26,0.7749994609945485
2016-10-27,0.7753956055544189
2016-10-28,0.7702183698257666
2016-10-31,0.7647841528035191
2016-11-01,0.7313984735210065
2016-11-02,0.7155944479252726
2016-11-03,0.6905310908758793
2016-11-04,0.6711327498166918
2016-11-07,0.6918838887403632
2016-11-08,0.6946505928418718
2016-11-09,0.6758717897059447
2016-11-10,0.6373962163335675
2016-11-11,0.6336863850879386
2016-11-14,0.6045048502108827
2016-11-15,0.6030042978483067
2016-11-16,0.5919546172312046
2016-11-17,0.59045143678302
2016-11-18,0.5870571235136794
2016-11-21,0.5886344105730578
2016-11-22,0.5854958240878748
2016-11-23,0.5840201680093008
2016-11-25,0.584744151548997
2016-11-28,0.5870337963719516
2016-11-29,0.5833688020038191
2016-11-30,0.5594456280485479
2016-12-01,0.5463816837749853
2016-12-02,0.5458180339907016
2016-12-05,0.5464872403922577
2016-12-06,0.5468704047361891
2016-12-07,0.5508423399394202
2016-12-08,0.5529723100269914
2016-12-09,0.5526251521858503
2016-12-12,0.5502661396916899
2016-12-13,0.5493143402380019
2016-12-14,0.5540721147040427
2016-12-15,0.5555282873443756
2016-12-16,0.5519233250891384
2016-12-19,0.5500675566340976
2016-12-20,0.5494298912187762
2016-12-21,0.5486961871183441
2016-12-22,0.5473478417276605
2016-12-23,0.5462814557038337
2016-12-27,0.5486691584814458
2016-12-28,0.5540230583541784
2016-12-29,0.5541269968936051
2016-12-30,0.5542042935956593
2017-01-03,0.5586348277225462
2017-01-04,0.5590145422868599
2017-01-05,0.5567337199692981
2017-01-06,0.5558735804803266
2017-01-09,0.555122288306389
2017-01-10,0.5540590190049525
2017-01-11,0.5507766986540881
2017-01-12,0.5500352643994255
2017-01-13,0.5504896734412437
2017-01-17,0.5465181005101977
2017-01-18,0.5504278403892993
2017-01-19,0.5203648701232404
2017-01-20,0.5117865890120056
2017-01-23,0.49666183247298945
2017-01-24,0.4958556187885248
2017-01-25,0.49514660515155695
2017-01-26,0.49431058791233373
2017-01-27,0.49110293167352553
2017-01-30,0.49770542719200656
2017-01-31,0.4838499477852981
2017-02-01,0.48151578750720253
2017-02-02,0.4771570438982318
2017-02-03,0.47473690271152486
2017-02-06,0.47569612576060505
2017-02-07,0.48234986564314203
2017-02-08,0.47601069566648085
2017-02-09,0.47234492226222896
2017-02-10,0.47227916957903715
2017-02-13,0.473693402631669
2017-02-14,0.4718768889272232
2017-02-15,0.47116352041340637
2017-02-16,0.4703190712837612
2017-02-17,0.4676872228915299
2017-02-21,0.45415432391263555
2017-02-22,0.4533578636164658
2017-02-23,0.4508139766494148
2017-02-24,0.45006962889813495
2017-02-27,0.44847149379510565
2017-02-28,0.4472170302555776
2017-03-01,0.4668954217308252
2017-03-02,0.4729242917659903
2017-03-03,0.4725148008826055
2017-03-06,0.47400677649301554
2017-03-07,0.474629642026306
2017-03-08,0.4712210544440638
2017-03-09,0.4717016333088636
2017-03-10,0.47128778085424455
2017-03-13,0.46927976828410883
2017-03-14,0.4698618132085992
2017-03-15,0.4646916953177622
2017-03-16,0.4655857559512306
2017-03-17,0.4672784877888882
2017-03-20,0.43151526856011757
2017-03-21,0.44576290146268355
2017-03-22,0.4232204986405348
2017-03-23,0.44676435517545304
2017-03-24,0.44857167955986244
2017-03-27,0.47044579682630583
2017-03-28,0.47274827948751186
2017-03-29,0.4765410211464017
2017-03-30,0.47611897812489357
2017-03-31,0.4796044891398026
2017-04-03,0.47552245481039845
2017-04-04,0.4791545583955214
2017-04-05,0.4839314457045167
2017-04-06,0.48433748217769784
2017-04-07,0.48015150984612914
2017-04-10,0.48165585896191243
2017-04-11,0.5280680590809118
2017-04-12,0.5635440304723355
2017-04-13,0.5740532227204382
2017-04-17,0.5761256970779279
2017-04-18,0.5800575357204383
2017-04-19,0.5961126615441183
2017-04-20,0.6010854962875793
2017-04-21,0.6022511280744093
2017-04-24,0.6172362727631133
2017-04-25,0.6175537180380464
2017-04-26,0.6118968346476843
2017-04-27,0.6071062443926124
2017-04-28,0.6104074722625734
2017-05-01,0.6139947952373088
2017-05-02,0.6159889828622498
2017-05-03,0.6125170605598294
2017-05-04,0.6081723069593007
2017-05-05,0.6057936098294303
2017-05-08,0.6013645610582539
2017-05-09,0.5931968965270085
2017-05-10,0.5913621862554488
2017-05-11,0.5954617070507898
2017-05-12,0.5843037184625115
2017-05-15,0.5878899542132093
2017-05-16,0.5886804481637691
2017-05-17,0.6077773900783985
2017-05-18,0.6105664854464448
2017-05-19,0.6147575750315989
2017-05-22,0.6227165880265372
2017-05-23,0.6230113052149474
2017-05-24,0.6226082201417064
2017-05-25,0.6213646246531134
2017-05-26,0.6225340169835398
2017-05-30,0.619309847279988
2017-05-31,0.6191665364844088
2017-06-01,0.6204694799231659
2017-06-02,0.6219529337974035
2017-06-05,0.6140371169161933
2017-06-06,0.6137680595628765
2017-06-07,0.6146804856186721
2017-06-08,0.6030022030297741
2017-06-09,0.5637658881939638
2017-06-12,0.5639591466327128
2017-06-13,0.5663306624223667
2017-06-14,0.5582897061979856
2017-06-15,0.5599814016990553
2017-06-16,0.5588823897166383
2017-06-19,0.5611848377900234
2017-06-20,0.5585364555002612
2017-06-21,0.5450019014361814
2017-06-22,0.5371723930077795
2017-06-23,0.5324860090245562
2017-06-26,0.5307689687367371
2017-06-27,0.5250240957666301
2017-06-28,0.5319154481284816
2017-06-29,0.5204652876945205
2017-06-30,0.5206091639157605
2017-07-03,0.5159348556373509
2017-07-05,0.5129067395847299
2017-07-06,0.5202911522148216
2017-07-07,0.52162338877429
2017-07-10,0.4972778667103639
2017-07-11,0.49047823377542177
2017-07-12,0.4929050294615617
2017-07-13,0.49283390440066416
2017-07-14,0.4909861699090718
2017-07-17,0.4948362492564685
2017-07-18,0.49411945731431756
2017-07-19,0.4963414052264516
2017-07-20,0.49539053695526974
2017-07-21,0.4938184060921039
2017-07-24,0.4912767117851573
2017-07-25,0.4855343077934614
2017-07-26,0.48471983388628215
2017-07-27,0.4836301612585515
2017-07-28,0.463759007900938
2017-07-31,0.46255373826482166
2017-08-01,0.4609042721654834
2017-08-02,0.4602229372183799
2017-08-03,0.4612108202329534
2017-08-04,0.4573778460624277
2017-08-07,0.4581746738360261
2017-08-08,0.4607438188972351
2017-08-09,0.4589052995940598
2017-08-10,0.4846023342470802
2017-08-11,0.4831279640556003
2017-08-14,0.48642455032502147
2017-08-15,0.4863300300949154
2017-08-16,0.4858014885864211
2017-08-17,0.5100571429956386
2017-08-18,0.5085142909757828
2017-08-21,0.5067461727539586
2017-08-22,0.5116128594359107
2017-08-23,0.5083124649724127
2017-08-24,0.5053952171711105
2017-08-25,0.5058988475147276
2017-08-28,0.49786274334889624
2017-08-29,0.4943560161512868
2017-08-30,0.48395840000152585
2017-08-31,0.4793425109153202
2017-09-01,0.47984018868242256
2017-09-05,0.4834135195073913
2017-09-06,0.48658595378282254
2017-09-07,0.4727742766753282
2017-09-08,0.4679515967564706
2017-09-11,0.4819166392730258
2017-09-12,0.48519397315348006
2017-09-13,0.4844595033436101
2017-09-14,0.4870786643235839
2017-09-15,0.4857425345014145
2017-09-18,0.485897226425959
2017-09-19,0.4800915195786805
2017-09-20,0.47896306656406573
2017-09-21,0.4752633566662543
2017-09-22,0.47679824283818073
2017-09-25,0.4327279957681366
2017-09-26,0.43120451579327446
2017-09-27,0.42893726722247444
2017-09-28,0.4289097556231934
2017-09-29,0.42988852259222976
2017-10-02,0.43087875948136023
2017-10-03,0.43229048815978555
2017-10-04,0.4307138994122686
2017-10-05,0.43230786867730725
2017-10-06,0.4338091569717551
2017-10-09,0.4293126534252089
2017-10-10,0.4329293789918997
2017-10-11,0.43291089371082947
2017-10-12,0.4349739308657036
2017-10-13,0.43556985590341607
2017-10-16,0.43623596079109256
2017-10-17,0.46472026293016316
2017-10-18,0.4657100920527121
2017-10-19,0.46217177133898324
2017-10-20,0.46535391809804283
2017-10-23,0.4646021233844721
2017-10-24,0.4631000545626065
2017-10-25,0.4635736663059558
2017-10-26,0.45668367171621344
2017-10-27,0.4556856739636783
2017-10-30,0.45851659358459385
2017-10-31,0.45954217396156977
2017-11-01,0.4606343335236386
2017-11-02,0.46009392608733113
2017-11-03,0.4492651821956122
2017-11-06,0.4528250564097773
2017-11-07,0.4502695045876608
2017-11-08,0.4568895117612917
2017-11-09,0.464833731611053
2017-11-10,0.4505607029023884
2017-11-13,0.44869869474281243
2017-11-14,0.45281349569145185
2017-11-15,0.4559055459844235
2017-11-16,0.4508545870196435
2017-11-17,0.44971573018506145
2017-11-20,0.44967081443959445
2017-11-21,0.45191030828784984
2017-11-22,0.45239791937802254
2017-11-24,0.44971852980090793
2017-11-27,0.4509048883596193
2017-11-28,0.45509264819558803
2017-11-29,0.4267146724747663
2017-11-30,0.4426744039984531
2017-12-01,0.44155636766047823
2017-12-04,0.4315225662813134
2017-12-05,0.433743867082143
2017-12-06,0.4329662243319931
2017-12-07,0.4342574079182507
2017-12-08,0.4399212152614068
2017-12-11,0.43947698760069126
2017-12-12,0.4388440012191788
2017-12-13,0.43867643691397623
2017-12-14,0.4408322197501321
2017-12-15,0.44462710822116025
2017-12-18,0.4125386089172081
2017-12-19,0.41605826312151045
2017-12-20,0.40904325806520553
2017-12-21,0.40470197430719823
2017-12-22,0.40687841808734176
2017-12-26,0.3622174084319689
2017-12-27,0.3621921770897305
2017-12-28,0.3633528582178025
2017-12-29,0.3546910519758808
2018-01-02,0.36418462712277494
2018-01-03,0.37420142370748233
2018-01-04,0.3758815367557805
2018-01-05,0.37886650753129225
2018-01-08,0.3783281427974091
2018-01-09,0.37292978861902637
2018-01-10,0.37113709279203316
2018-01-11,0.3758372971507389
2018-01-12,0.3756144591717796
2018-01-16,0.3739234996177665
2018-01-17,0.3960093246983989
2018-01-18,0.4020084532591018
2018-01-19,0.3851957636051024
2018-01-22,0.39624246890859355
2018-01-23,0.39872982555575004
2018-01-24,0.39672499385393833
2018-01-25,0.3929423496325815
2018-01-26,0.40748254601462053
2018-01-29,0.42201940685094425
2018-01-30,0.461495828509684
2018-01-31,0.45363363859311634
2018-02-01,0.4537806958169029
2018-02-02,0.5367481560651123
2018-02-05,0.6720774023091551
2018-02-06,0.6781878647242855
2018-02-07,0.6767710827399498
2018-02-08,0.7260282720345491
2018-02-09,0.7269401319463386
2018-02-12,0.7320437506315898
2018-02-13,0.7327006453201061
2018-02-14,0.7386730723880435
2018-02-15,0.7368628746754821
2018-02-16,0.7364211126351287
2018-02-20,0.735776268655771
2018-02-21,0.7350612874714189
2018-02-22,0.731681453358452
2018-02-23,0.7394913240653664
2018-02-26,0.7429081915087401
2018-02-27,0.7503771167318638
2018-02-28,0.7555292472437815
2018-03-01,0.7573589500921136
2018-03-02,0.7577579918123374
2018-03-05,0.7597232083541421
2018-03-06,0.7613104442151176
2018-03-07,0.7592624256377444
2018-03-08,0.7619036688739823
2018-03-09,0.7754109661102172
2018-03-12,0.777718110800361
2018-03-13,0.7775313216639066
2018-03-14,0.7784756128644956
2018-03-15,0.7802879242346425
2018-03-16,0.7809583996119536
2018-03-19,0.7898353767078842
2018-03-20,0.7918979877863175
2018-03-21,0.7835039980613335
2018-03-22,0.7953003416217981
2018-03-23,0.7969071823744754
2018-03-26,0.8044937310903647
2018-03-27,0.8062958023132594
2018-03-28,0.8027436759524377
2018-03-29,0.8073305646946451
2018-04-02,0.8144020039274708
2018-04-03,0.8169735205808337
2018-04-04,0.8160353647563413
2018-04-05,0.8150171741265854
2018-04-06,0.820689809128248
2018-04-09,0.8216494073505907
2018-04-10,0.8276346533828621
2018-04-11,0.8348884803883783
2018-04-12,0.8330035400581606
2018-04-13,0.830215518375888
2018-04-16,0.8386681885247783
2018-04-17,0.837059269406436
2018-04-18,0.8364551011514845
2018-04-19,0.8307178307699642
2018-04-20,0.82970748766154
2018-04-23,0.8296314751319726
2018-04-24,0.8311769722828447
2018-04-25,0.8326291526608082
2018-04-26,0.832143972489976
2018-04-27,0.8315550254173346
2018-04-30,0.8306171005358672
2018-05-01,0.8287928517121816
2018-05-02,0.828159848935693
2018-05-03,0.8306421066252513
2018-05-04,0.8308149226069662
2018-05-07,0.8317228784183277
2018-05-08,0.8300293978227795
2018-05-09,0.8308624367202107
2018-05-10,0.8310945725743667
2018-05-11,0.828850401960498
2018-05-14,0.827820102725678
2018-05-15,0.8266794493536053
2018-05-16,0.827365006941868
2018-05-17,0.8255572697156195
2018-05-18,0.8270462669504457
2018-05-21,0.8282257078777486
2018-05-22,0.8269392817350643
2018-05-23,0.8252726284156698
2018-05-24,0.8263894150824304
2018-05-25,0.8217173197221964
2018-05-29,0.8170585993444195
2018-05-30,0.8184169462751057
2018-05-31,0.8175742470923257
2018-06-01,0.8185554827264222
2018-06-04,0.8187204366942146
2018-06-05,0.8204330023214605
2018-06-06,0.8211384897206487
2018-06-07,0.8189177607209215
2018-06-08,0.817033646758231
2018-06-11,0.8206244523095565
2018-06-12,0.8205439106803608
2018-06-13,0.816180909132181
2018-06-14,0.7880573365284675
2018-06-15,0.7838433099965249
2018-06-18,0.783156095769075
2018-06-19,0.7586850149429608
2018-06-20,0.7600776015593657
2018-06-21,0.7568730419939041
2018-06-22,0.7536655833158996
2018-06-25,0.7531989667201264
2018-06-26,0.7539689449042235
2018-06-27,0.7506964406485367
2018-06-28,0.7504460662322134
2018-06-29,0.7517145499580336
2018-07-02,0.7493496505258236
2018-07-03,0.7399249407916415
2018-07-05,0.7364739960996153
2018-07-06,0.7343000115400447
2018-07-09,0.7313234926579638
2018-07-10,0.7290460570468966
2018-07-11,0.7293714052235789
2018-07-12,0.7259856177486256
2018-07-13,0.7259779698183524
2018-07-16,0.7195843817843984
2018-07-17,0.7189113523630218
2018-07-18,0.7081509301612374
2018-07-19,0.708199389795377
2018-07-20,0.7084068134710245
2018-07-23,0.7059908370761034
2018-07-24,0.7068424105994889
2018-07-25,0.7075068888795988
2018-07-26,0.6992437483217682
2018-07-27,0.6974476009629713
2018-07-30,0.6997995787394512
2018-07-31,0.6757824315856478
2018-08-01,0.6617649569628796
2018-08-02,0.6397732677355445
2018-08-03,0.6293007550085791
2018-08-06,0.6332071823278949
2018-08-07,0.6262480507593928
2018-08-08,0.6009258870363853
2018-08-09,0.5933385531009129
2018-08-10,0.5918731753229763
2018-08-13,0.5931481038743961
2018-08-14,0.5637834588692365
2018-08-15,0.5667318469680177
2018-08-16,0.5450284025502148
2018-08-17,0.546454040575849
2018-08-20,0.5436396050965894
2018-08-21,0.547018371077233
2018-08-22,0.5431879907324842
2018-08-23,0.5438163398983953
2018-08-24,0.548062555335972
2018-08-27,0.5619172982540495
2018-08-28,0.5619213012641499
2018-08-29,0.5635523633312884
2018-08-30,0.5578960303593394
2018-08-31,0.5587245335939474
2018-09-04,0.5525326094445719
2018-09-05,0.5493930033731019
2018-09-06,0.5499668158844374
2018-09-07,0.5532855264196995
2018-09-10,0.5554738086023421
2018-09-11,0.5552903371388463
2018-09-12,0.546058791893622
2018-09-13,0.5457158378506923
2018-09-14,0.5490432021993839
2018-09-17,0.5403749728422621
2018-09-18,0.5354269368721011
2018-09-19,0.5363345761100745
2018-09-20,0.5404827531647807
2018-09-21,0.5410219646472885
2018-09-24,0.5358279130224606
2018-09-25,0.5376817474163075
2018-09-26,0.5378878800642113
2018-09-27,0.5360138950864279
2018-09-28,0.5359273004498128
2018-10-01,0.5399590184685978
2018-10-02,0.5364413266374273
2018-10-03,0.5336487173521106
2018-10-04,0.5216597777777933
2018-10-05,0.5029946797122944
2018-10-08,0.4984752156714611
2018-10-09,0.48799711920913597
2018-10-10,0.5797557833699576
2018-10-11,0.6138926760154703
2018-10-12,0.607433470870773
2018-10-15,0.6138704565546913
2018-10-16,0.6284632279336968
2018-10-17,0.6255420365923328
2018-10-18,0.6327274999161185
2018-10-19,0.6294501778338625
2018-10-22,0.6271910832795611
2018-10-23,0.6317764405578472
2018-10-24,0.6820190035840189
2018-10-25,0.6902008892541255
2018-10-26,0.6943111474928609
2018-10-29,0.686490182572833
2018-10-30,0.6974231302345655
2018-10-31,0.6910668438187649
2018-11-01,0.6955852924070911
2018-11-02,0.7009540046252223
2018-11-05,0.701779943319258
2018-11-06,0.7029799851590934
2018-11-07,0.7147768283108583
2018-11-08,0.7137103074617229
2018-11-09,0.7143878751103152
2018-11-12,0.724432401346147
2018-11-13,0.7170036985037432
2018-11-14,0.7180617980639544
2018-11-15,0.7233048955467883
2018-11-16,0.7223902539263946
2018-11-19,0.7158129680615681
2018-11-20,0.7315308064574012
2018-11-21,0.7281565966656729
2018-11-23,0.7269606288619316
2018-11-26,0.7343349584156409
2018-11-27,0.7332110180967355
2018-11-28,0.745472122724592
2018-11-29,0.7423876962794946
2018-11-30,0.7386513752631956
2018-12-03,0.7374725434736963
2018-12-04,0.7553717895222882
2018-12-06,0.7569399577831921
2018-12-07,0.7599810724183059
2018-12-10,0.756125399020497
2018-12-11,0.7559305604386795
2018-12-12,0.7573757499313452
2018-12-13,0.7563466009757273
2018-12-14,0.756716364447215
2018-12-17,0.7598665218835509
2018-12-18,0.7559009812287852
2018-12-19,0.760104553940771
2018-12-20,0.763040344643134
2018-12-21,0.7643085125588871
2018-12-24,0.7764433943987825
2018-12-26,0.8078039298911178
2018-12-27,0.808231272165133
2018-12-28,0.8080540026653761
2018-12-31,0.8087747144920173
2019-01-02,0.8020594861935315
2019-01-03,0.8021363031013871
2019-01-04,0.813426540988844
2019-01-07,0.8130649365856691
2019-01-08,0.8133839801527477
2019-01-09,0.8136872785198007
2019-01-10,0.8140011943959798
2019-01-11,0.813864073896668
2019-01-14,0.8126748484720132
2019-01-15,0.8138030918972142
2019-01-16,0.8107692573083375
2019-01-17,0.8113554336321898
2019-01-18,0.8136153642708105
2019-01-22,0.8149245745509479
2019-01-23,0.8156820649763983
2019-01-24,0.8150929319618824
2019-01-25,0.815878583524926
2019-01-28,0.8164947142947383
2019-01-29,0.8149463104939416
2019-01-30,0.8179859683446139
2019-01-31,0.8167490018381655
2019-02-01,0.8166301306623552
2019-02-04,0.8187296919661801
2019-02-05,0.8189229374285018
2019-02-06,0.8194000736560592
2019-02-07,0.8208044151247429
2019-02-08,0.8215837644519337
2019-02-11,0.8214225376628409
2019-02-12,0.8229251596600389
2019-02-13,0.8231592682701848
2019-02-14,0.82387224848559
2019-02-15,0.8249706577134917
2019-02-19,0.8260708682577111
2019-02-20,0.8264490957596171
2019-02-21,0.8185109302606829
2019-02-22,0.815235145233102
2019-02-25,0.817877759740943
2019-02-26,0.8174598085695438
2019-02-27,0.8158409930816466
2019-02-28,0.8176108978037389
2019-03-01,0.8175746051797542
2019-03-04,0.8173655427508443
2019-03-05,0.821706959045409
2019-03-06,0.8229859006518165
2019-03-07,0.8121252221214338
2019-03-08,0.8090365166480195
2019-03-11,0.809794108088231
2019-03-12,0.8149768489631011
2019-03-13,0.8142151274290141
2019-03-14,0.8153143430300018
2019-03-15,0.8146533995151576
2019-03-18,0.8147003360148253
2019-03-19,0.8142470741536914
2019-03-20,0.8085880867639289
2019-03-21,0.8035057993991289
2019-03-22,0.8122776158964881
2019-03-25,0.8128931181341748
2019-03-26,0.8096920755215189
2019-03-27,0.8144071160425422
2019-03-28,0.8143362241632132
2019-03-29,0.8116018452020918
2019-04-01,0.8106500584453105
2019-04-02,0.8179379550678323
2019-04-03,0.8137801864521226
2019-04-04,0.8148643981146934
2019-04-05,0.818249054936459
2019-04-08,0.8163763668234973
2019-04-09,0.8178999060089145
2019-04-10,0.8134454572896678
2019-04-11,0.8132585227524153
2019-04-12,0.811378576530007
2019-04-15,0.8141474266299435
2019-04-16,0.7937541050132623
2019-04-17,0.7860797993067974
2019-04-18,0.7840646402540412
2019-04-22,0.7879537575553434
2019-04-23,0.7879305344275446
2019-04-24,0.7858774479264571
2019-04-25,0.7853239002635184
2019-04-26,0.775152217393117
2019-04-29,0.7688092061281094
2019-04-30,0.7727476371354087
2019-05-01,0.7681710556932427
2019-05-02,0.7606377735811273
2019-05-03,0.7584087959386268
2019-05-06,0.7388521853700717
2019-05-07,0.6822652243426189
2019-05-08,0.6809655388727104
2019-05-09,0.6812510699365812
2019-05-10,0.6797950075296121
2019-05-13,0.7076654713421495
2019-05-14,0.7038717797198711
2019-05-15,0.663676003449001
2019-05-16,0.6658547628683698
2019-05-17,0.667275630204985
2019-05-20,0.6610514288428639
2019-05-21,0.665103782757958
2019-05-22,0.6633424432383257
2019-05-23,0.6715888943051737
2019-05-24,0.6689007359163752
2019-05-28,0.6790478264471838
2019-05-29,0.6784449518028335
2019-05-30,0.6659087116515122
2019-05-31,0.6663998912048339
2019-06-03,0.6570762740605103
2019-06-04,0.6764586708758478
2019-06-05,0.671090571483046
2019-06-06,0.6696436427721026
2019-06-07,0.6710973032442402
2019-06-10,0.6684524283325701
2019-06-11,0.671019688003008
2019-06-12,0.669985279852637
2019-06-13,0.6713229340670003
2019-06-14,0.6716842227047728
2019-06-17,0.6692812023367251
2019-06-18,0.6676232553976728
2019-06-19,0.6675544289464765
2019-06-20,0.6687970308852383
2019-06-21,0.6606570583937141
2019-06-24,0.6615510691089509
2019-06-25,0.6648491800486035
2019-06-26,0.6507935689617924
2019-06-27,0.6487354070294287
2019-06-28,0.648075753607823
2019-07-01,0.6477486650076406
2019-07-02,0.6455211865105777
2019-07-03,0.6468512621922686
2019-07-05,0.6459029765779838
2019-07-08,0.6468575652106479
2019-07-09,0.6462354762571447
2019-07-10,0.6415678871864268
2019-07-11,0.642223840841628
2019-07-12,0.6379531728701348
2019-07-15,0.632988184142922
2019-07-16,0.6316033051624338
2019-07-17,0.6334258139165907
2019-07-18,0.6266959796034208
2019-07-19,0.6247488197834509
2019-07-22,0.621304300872667
2019-07-23,0.6223667729360671
2019-07-24,0.622484477193561
2019-07-25,0.6251971653611476
2019-07-26,0.6262052650548156
2019-07-29,0.6327848179985265
2019-07-30,0.6351897657565421
2019-07-31,0.609940287573274
2019-08-01,0.6089879643518651
2019-08-02,0.60576998334825
2019-08-05,0.6456784722526953
2019-08-06,0.6470604673019912
2019-08-07,0.6436026247906433
2019-08-08,0.6573755036434178
2019-08-09,0.6574022535379548
2019-08-12,0.6643538892819556
2019-08-13,0.6719512613811709
2019-08-14,0.7057181695008781
2019-08-15,0.7048328423502421
2019-08-16,0.7105206146280517
2019-08-19,0.7144631116228963
2019-08-20,0.7190264442009228
2019-08-21,0.7270762072926892
2019-08-22,0.7264836591188902
2019-08-23,0.758957673157324
2019-08-26,0.7788450742244427
2019-08-27,0.7791956844142824
2019-08-28,0.783515649164753
2019-08-29,0.7881714904000469
2019-08-30,0.7898015372269276
2019-09-03,0.7921870009321892
2019-09-04,0.7975369592847423
2019-09-05,0.8024537710144165
2019-09-06,0.8022370853795903
2019-09-09,0.7916163809368212
2019-09-10,0.7933521135714835
2019-09-11,0.7917709630660473
2019-09-12,0.7928516008718131
2019-09-13,0.7880314233732651
2019-09-16,0.7766170711451971
2019-09-17,0.7747392979878608
2019-09-18,0.7745357658084537
2019-09-19,0.7635384251233471
2019-09-20,0.7590599147010213
2019-09-23,0.7594384684615758
2019-09-24,0.7610502203391112
2019-09-25,0.7575479312781379
2019-09-26,0.7606621972804526
2019-09-27,0.7557218299683274
2019-09-30,0.75531028892889
2019-10-01,0.7577056525861294
2019-10-02,0.7663380636367573
2019-10-03,0.7673080310062802
2019-10-04,0.769590177577995
2019-10-07,0.7732458887603565
2019-10-08,0.7759969533735899
2019-10-09,0.7853220921686178
2019-10-10,0.7783751905088899
2019-10-11,0.7848562322108183
2019-10-14,0.7846617450987886
2019-10-15,0.7866925902224665
2019-10-16,0.7862448114733743
2019-10-17,0.7851476215218721
2019-10-18,0.7869921341961674
2019-10-21,0.7866536268574146
2019-10-22,0.7819497203872876
2019-10-23,0.7848990409539958
2019-10-24,0.7780786968776285
2019-10-25,0.7798454922630823
2019-10-28,0.7776635045202325
2019-10-29,0.7734586796840719
2019-10-30,0.7681274674472354
2019-10-31,0.7687654380434874
2019-11-01,0.7774851293230624
2019-11-04,0.7725810310943113
2019-11-05,0.7724429407695441
2019-11-06,0.7683264987869161
2019-11-07,0.7718561466576902
2019-11-08,0.7698890633028114
2019-11-11,0.7711658085340996
2019-11-12,0.7707814943235227
2019-11-13,0.7699812058366032
2019-11-14,0.7715734645009349
2019-11-15,0.768111521944032
2019-11-18,0.7720911193216411
2019-11-19,0.7701959071204612
2019-11-20,0.7672060357230936
2019-11-21,0.7643812180629704
2019-11-22,0.7633447977921145
2019-11-25,0.7651599573591804
2019-11-26,0.7664536580189444
2019-11-27,0.7665104086527715
2019-11-29,0.7672948398076186
2019-12-02,0.7655378679624542
2019-12-03,0.7679807932329539
2019-12-04,0.7702310728876203
2019-12-05,0.7723321545870421
2019-12-06,0.7745617063622617
2019-12-09,0.7783756906660254
2019-12-10,0.7793208357268926
2019-12-11,0.7576244579804277
2019-12-12,0.7611273472173432
2019-12-13,0.763797132622559
2019-12-16,0.7557704667633186
2019-12-17,0.7558340543746038
2019-12-18,0.7511468552986763
2019-12-19,0.7481793952365119
2019-12-20,0.7100193464002472
2019-12-23,0.7098416450275821
2019-12-24,0.7035845810625119
2019-12-26,0.6973417377181792
2019-12-27,0.694759014033916
2019-12-30,0.6950107020445432
2019-12-31,0.6972746640229255
2020-01-02,0.6551401031320494
2020-01-03,0.6570295087281793
2020-01-06,0.65429554798417
2020-01-07,0.6544526586789441
2020-01-08,0.6420795236531922
2020-01-09,0.6434764394026534
2020-01-10,0.6396722330778806
2020-01-13,0.6357323269248221
2020-01-14,0.6247346022275291
2020-01-15,0.6213306863577877
2020-01-16,0.6399263635825315
2020-01-17,0.6415461789527863
2020-01-21,0.6406167887449621
2020-01-22,0.641046570705841
2020-01-23,0.6452340119174459
2020-01-24,0.6654964339287212
2020-01-27,0.6827535714736654
2020-01-28,0.6843059322712779
2020-01-29,0.6855257873745321
2020-01-30,0.6835087734717699
2020-01-31,0.7129653532385082
2020-02-03,0.7022435453775088
2020-02-04,0.7083717617250684
2020-02-05,0.7131753621448989
2020-02-06,0.7152125556349257
2020-02-07,0.7204302488441037
2020-02-10,0.7110723480821658
2020-02-11,0.691514069559901
2020-02-12,0.6882998855136668
2020-02-13,0.6838874859260142
2020-02-14,0.6815476310961962
2020-02-18,0.6651980587887081
2020-02-19,0.6641233846341562
2020-02-20,0.6630730154269858
2020-02-21,0.6582765328597959
2020-02-24,0.7226761905496258
2020-02-25,0.7590730008767249
2020-02-26,0.7534514045246345
2020-02-27,0.7987084109050822
2020-02-28,0.7861772164600297
2020-03-02,0.8180925880678634
2020-03-03,0.8331262056646821
2020-03-04,0.8368991644411685
2020-03-05,0.8452170374794832
2020-03-06,0.8423563241362595
2020-03-09,0.8696142307879828
2020-03-10,0.8775343007126115
2020-03-11,0.8841272728627712
2020-03-12,0.9077576145389227
2020-03-13,0.9160904282725669
2020-03-16,0.933459388197144
2020-03-17,0.9279512734731775
2020-03-18,0.9229719397383457
2020-03-19,0.9137546355596999
2020-03-20,0.9077718986249367
2020-03-23,0.9045124375747017
2020-03-24,0.9154650553977611
2020-03-25,0.9140253449933139
2020-03-26,0.915758278622567
2020-03-27,0.9165909174442314
2020-03-30,0.9145421088084887
2020-03-31,0.9128232256660742
2020-04-01,0.9141873365186772
2020-04-02,0.9134488725567038
2020-04-03,0.9134591844763286
2020-04-06,0.9149192585967689
2020-04-07,0.9135969112693967
2020-04-08,0.9142039091088457
2020-04-09,0.9104671722500248
2020-04-13,0.909313178657745
2020-04-14,0.9068092312090801
2020-04-15,0.9062403192551282
2020-04-16,0.9027584519154462
2020-04-17,0.8998219736427965
2020-04-20,0.9001280569883345
2020-04-21,0.899434028563859
2020-04-22,0.8993364802769005
2020-04-23,0.8981667349084663
2020-04-24,0.898182866902246
2020-04-27,0.897800662276535
2020-04-28,0.8952558141462781
2020-04-29,0.8943129965686776
2020-04-30,0.8941127396705821
2020-05-01,0.8947049941835501
2020-05-04,0.8936963365081875
2020-05-05,0.8930073376634485
2020-05-06,0.8924507937119787
2020-05-07,0.8920018510866631
2020-05-08,0.891719868269455
2020-05-11,0.8902219924196046
2020-05-12,0.8904058044904937
2020-05-13,0.8907360961677235
2020-05-14,0.8907101984365324
2020-05-15,0.8905637765382266
2020-05-18,0.8895606512023169
2020-05-19,0.8894461552423251
2020-05-20,0.8890171533799995
2020-05-21,0.88913328734904
2020-05-22,0.8892629772597188
2020-05-26,0.8865533420361765
2020-05-27,0.8855176142953601
2020-05-28,0.8844224335040478
2020-05-29,0.8839115425615879
2020-06-01,0.8831379187398586
2020-06-02,0.8831844603865316
2020-06-03,0.8821828724691573
2020-06-04,0.881043242518798
2020-06-05,0.8813368225836453
2020-06-08,0.8809271906598108
2020-06-09,0.8807861610901276
2020-06-10,0.8775958235179522
2020-06-11,0.8821339644037737
2020-06-12,0.8823194397723945
2020-06-15,0.8823522238685001
2020-06-16,0.8827448188254561
2020-06-17,0.8824105031304278
2020-06-18,0.8823969964486085
2020-06-19,0.8820683628694531
2020-06-22,0.8816013348195263
2020-06-23,0.8816724718523244
2020-06-24,0.882405827391036
2020-06-25,0.8824520074301552
2020-06-26,0.8824624506510018
2020-06-29,0.8827803495063459
2020-06-30,0.8835367432501908
2020-07-01,0.8823102867134871
2020-07-02,0.8815079331096508
2020-07-06,0.8818511271273266
2020-07-07,0.8808603826749363
2020-07-08,0.881538989955017
2020-07-09,0.8797311765651891
2020-07-10,0.8777726577177876
2020-07-13,0.878236294007736
2020-07-14,0.8772618150863185
2020-07-15,0.8773672189720065
2020-07-16,0.872610168142541
2020-07-17,0.8703923112408433
2020-07-20,0.8664894877802322
2020-07-21,0.8493214840379928
2020-07-22,0.8398735168296105
2020-07-23,0.8061957664200727
2020-07-24,0.8095433234822427
2020-07-27,0.8008347590635831
2020-07-28,0.8089176233667321
2020-07-29,0.8130712870092142
2020-07-30,0.8113845808347429
2020-07-31,0.7728243294422142
2020-08-03,0.773447929352849
2020-08-04,0.7607354256255572
2020-08-05,0.7535654967056196
2020-08-06,0.7559446139436959
2020-08-07,0.7551077075854815
2020-08-10,0.7390409473809519
2020-08-11,0.733520234100582
2020-08-12,0.7306554281087266
2020-08-13,0.7110702994091486
2020-08-14,0.7135355642684755
2020-08-17,0.701863402495864
2020-08-18,0.7091669519405003
2020-08-19,0.7111876903644472
2020-08-20,0.7162198432252528
2020-08-21,0.711704175627647
2020-08-24,0.7216294970253702
2020-08-25,0.7165281735513654
2020-08-26,0.7104121252421914
2020-08-27,0.7031364388962141
2020-08-28,0.70084201996938
2020-08-31,0.703601608674536
2020-09-01,0.6999745920997904
2020-09-02,0.696668231918681
2020-09-03,0.7011121314100377
2020-09-04,0.6953209325381577
2020-09-08,0.701489271124651
2020-09-09,0.6910968971720973
2020-09-10,0.6991289275996213
2020-09-11,0.7016830329158138
2020-09-14,0.7038289368745809
2020-09-15,0.702609633463508
2020-09-16,0.6950838963300624
2020-09-17,0.7019223548870206
2020-09-18,0.6978276567126336
2020-09-21,0.6909654723750648
2020-09-22,0.687792977082285
2020-09-23,0.6950890808044007
2020-09-24,0.6897610956600538
2020-09-25,0.6878678291040708
2020-09-28,0.6901590274956599
2020-09-29,0.6895268513682572
2020-09-30,0.6888927930252321
2020-10-01,0.6951878978429517
2020-10-02,0.6921005291981809
2020-10-05,0.7017652850495049
2020-10-06,0.7064385839671318
2020-10-07,0.7121731174750451
2020-10-08,0.7112741790803458
2020-10-09,0.7134550454885475
2020-10-12,0.7186953586926188
2020-10-13,0.711997385906793
2020-10-14,0.7119163475570708
2020-10-15,0.7097977579218389
2020-10-16,0.7170376647737742
2020-10-19,0.6525908899398835
2020-10-20,0.6505830178797409
2020-10-21,0.6512535122070823
2020-10-22,0.6438590820506213
2020-10-23,0.6440604763004777
2020-10-26,0.6532614849689635
2020-10-27,0.6550016832352384
2020-10-28,0.6750087564314066
2020-10-29,0.6701949822588468
2020-10-30,0.6509174600709456
2020-11-02,0.6505125916673955
2020-11-03,0.6440165368471081
2020-11-04,0.622621237406329
2020-11-05,0.6166623411658319
2020-11-06,0.618633111456584
2020-11-09,0.6020892566776719
2020-11-10,0.5966102944470186
2020-11-11,0.5902305002175608
2020-11-12,0.5928723919259103
2020-11-13,0.5949849903792216
2020-11-16,0.596781085351389
2020-11-17,0.5978458188435797
2020-11-18,0.6001808585330366
2020-11-19,0.5977554573426013
2020-11-20,0.598235745238242
2020-11-23,0.5966378463900338
2020-11-24,0.601899635752907
2020-11-25,0.6074960160239152
2020-11-27,0.6072521879527769
2020-11-30,0.6033265291757948
2020-12-01,0.6037401348937645
2020-12-02,0.6056742306969757
2020-12-03,0.6047872324135217
2020-12-04,0.604059240470477
2020-12-07,0.6043005611509327
2020-12-08,0.6068276953954016
2020-12-09,0.6069058755067134
2020-12-10,0.6073018414208232
2020-12-11,0.6075527437149392
2020-12-14,0.6092723243337472
2020-12-15,0.6163937753225185
2020-12-16,0.6179802269075065
2020-12-17,0.6197413518972696
2020-12-18,0.6213026536030942
2020-12-21,0.6179686756869764
2020-12-22,0.6174105943520585
2020-12-23,0.618651920917481
2020-12-24,0.6187291208103861
2020-12-28,0.6181423694182177
2020-12-29,0.6194170285331557
2020-12-30,0.6199525124097063
2020-12-31,0.6210517681128637
2021-01-04,0.6223343368761023
2021-01-05,0.625511867674326
2021-01-06,0.6178176826714393
2021-01-07,0.6205993039551897
2021-01-08,0.6214570463433754
2021-01-11,0.6238182021307925
2021-01-12,0.6206524673695091
2021-01-13,0.613970055866058
2021-01-14,0.6127002858755665
2021-01-15,0.5972789181454812
2021-01-19,0.5963658638382298
2021-01-20,0.585503972153254
2021-01-21,0.5842760523097522
2021-01-22,0.5829436212697696
2021-01-25,0.5830841918174641
2021-01-26,0.5886592801012833
2021-01-27,0.5962880123283582
2021-01-28,0.59648450888905
2021-01-29,0.6034699301515747
2021-02-01,0.6059727378985761
2021-02-02,0.5943258943788693
2021-02-03,0.5905599686408305
2021-02-04,0.5912693029319255
2021-02-05,0.587268258689231
2021-02-08,0.5866015579520896
2021-02-09,0.5875064443695587
2021-02-10,0.5892621930462697
2021-02-11,0.5911325315660554
2021-02-12,0.5856764246853989
2021-02-16,0.5763054581058237
2021-02-17,0.5719391014791705
2021-02-18,0.5728359486667565
2021-02-19,0.5718327508754397
2021-02-22,0.5662683295591299
2021-02-23,0.5629121049494421
2021-02-24,0.5663395925245946
2021-02-25,0.5759965371709175
2021-02-26,0.5793160055628478
2021-03-01,0.5801161396064187
2021-03-02,0.5811490529495488
2021-03-03,0.5765932414597961
2021-03-04,0.5746012969305597
2021-03-05,0.5820026244188661
2021-03-08,0.5689194004994506
2021-03-09,0.5611753021458787
2021-03-10,0.5313673517828384
2021-03-11,0.5323651706008855
2021-03-12,0.5323285657909373
2021-03-15,0.5273082384884343
2021-03-16,0.5266765937211142
2021-03-17,0.5507745180307204
2021-03-18,0.551667404252276
2021-03-19,0.5507766630755494
2021-03-22,0.5450783028879301
2021-03-23,0.5532400905611808
2021-03-24,0.5551682308091194
2021-03-25,0.549984999914027
2021-03-26,0.5530402029069053
2021-03-29,0.5525225351194114
2021-03-30,0.5521240299248203
2021-03-31,0.5419864084951527
2021-04-01,0.5415275280389301
2021-04-05,0.5356923400737469
2021-04-06,0.542016320818006
2021-04-07,0.5366434584843622
2021-04-08,0.5343922627085641
2021-04-09,0.5362985904399595
2021-04-12,0.541130535099501
2021-04-13,0.5369381235401872
2021-04-14,0.533594872599755
2021-04-15,0.528655340485564
2021-04-16,0.5213769560693973
2021-04-19,0.5202168326474207
2021-04-20,0.5204104042110476
2021-04-21,0.523114157931349
2021-04-22,0.5288362542117135
2021-04-23,0.5298848573233436
2021-04-26,0.5265133793796166
2021-04-27,0.5185330795831972
2021-04-28,0.5150871811525483
2021-04-29,0.5135831913860168
2021-04-30,0.5173952896606301
2021-05-03,0.5213709825656819
2021-05-04,0.5202267026533622
2021-05-05,0.5215320720171018
2021-05-06,0.5219877836976348
2021-05-07,0.5240476172291466
2021-05-10,0.5237756082837853
2021-05-11,0.5302238293974937
2021-05-12,0.5354804535821879
2021-05-13,0.531824952942793
2021-05-14,0.5362384953456366
2021-05-17,0.5435076429625059
2021-05-18,0.5385165317439673
2021-05-19,0.5389191382225488
2021-05-20,0.538580383773347
2021-05-21,0.5451191964743479
2021-05-24,0.5457739847467409
2021-05-25,0.5501088497723456
2021-05-26,0.5487017576410591
2021-05-27,0.5457575576055083
2021-05-28,0.5479808757328558
2021-06-01,0.5393502174998509
2021-06-02,0.5376274289398711
2021-06-03,0.5402013447634628
2021-06-04,0.5386264267808955
2021-06-07,0.5184266637073806
2021-06-08,0.5155377446650476
2021-06-09,0.49375208415799593
2021-06-10,0.4820348908718144
2021-06-11,0.47831760147773367
2021-06-14,0.48183010039695334
2021-06-15,0.47735822403902645
2021-06-16,0.47875283362857146
2021-06-17,0.46319294389310844
2021-06-18,0.4770096843487063
2021-06-21,0.4903832821096191
2021-06-22,0.49242553962114344
2021-06-23,0.489965978549161
2021-06-24,0.4987336769530406
2021-06-25,0.4997220731325809
2021-06-28,0.49267071406062507
2021-06-29,0.49891373507545955
2021-06-30,0.5068385444091685
2021-07-01,0.5094902608800428
2021-07-02,0.4998250511653715
2021-07-06,0.48378919707042595
2021-07-07,0.47834384160034693
2021-07-08,0.46041439433839687
2021-07-09,0.46177972769856235
2021-07-12,0.468125160343561
2021-07-13,0.4718618262461254
2021-07-14,0.44934312022894213
2021-07-15,0.45606778440814644
2021-07-16,0.4692955224502795
2021-07-19,0.4917938235849641
2021-07-20,0.5033300619379668
2021-07-21,0.5082826518819885
2021-07-22,0.5073792700460236
2021-07-23,0.5081584265165955
2021-07-26,0.5052770916605389
2021-07-27,0.5046889601822463
2021-07-28,0.5053328462133434
2021-07-29,0.5138022521133396
2021-07-30,0.5079027749076858
2021-08-02,0.5131958486249297
2021-08-03,0.5190609694144179
2021-08-04,0.5035906227612102
2021-08-05,0.501763390122972
2021-08-06,0.49970160410446207
2021-08-09,0.5025541709873319
2021-08-10,0.4987851685338427
2021-08-11,0.49973179490167163
2021-08-12,0.4987175010618539
2021-08-13,0.4970176634311186
2021-08-16,0.4958351788733225
2021-08-17,0.49192529554519554
2021-08-18,0.5048351170089971
2021-08-19,0.5030354081311454
2021-08-20,0.5096110534407802
2021-08-23,0.5142957470671908
2021-08-24,0.5136301109736534
2021-08-25,0.5116882554609674
2021-08-26,0.5126908975013498
2021-08-27,0.508278686280119
2021-08-30,0.49792593135893976
2021-08-31,0.49378913488139714
2021-09-01,0.49486880205121075
2021-09-02,0.49738256497844474
2021-09-03,0.5040134454578271
2021-09-07,0.5089705465599796
2021-09-08,0.5038098626072203
2021-09-09,0.5023271474693352
2021-09-10,0.5101032263806005
2021-09-13,0.5079136942242586
2021-09-14,0.5079157584250646
2021-09-15,0.5100241097326227
2021-09-16,0.5170814535030819
2021-09-17,0.5085939614447738
2021-09-20,0.5289256293406299
2021-09-21,0.5301274812984406
2021-09-22,0.5252952734257332
2021-09-23,0.5420884615720446
2021-09-24,0.5375073979332406
2021-09-27,0.5225041271427299
2021-09-28,0.5299839188846789
2021-09-29,0.5313945363431556
2021-09-30,0.5385015537402721
2021-10-01,0.5425011733871514
2021-10-04,0.5394240684974987
2021-10-05,0.5454042344113059
2021-10-06,0.5440205959108392
2021-10-07,0.5592541874051014
2021-10-08,0.5551583270582158
2021-10-11,0.5594070030233973
2021-10-12,0.5607615042781995
2021-10-13,0.5603491176606936
2021-10-14,0.5700673982854593
2021-10-15,0.5748608452665963
2021-10-18,0.5807316432287508
2021-10-19,0.586703794463541
2021-10-20,0.5879846521744606
2021-10-21,0.5884970611706668
2021-10-22,0.5860064387490125
2021-10-25,0.6038907600742446
2021-10-26,0.5923245088456057
2021-10-27,0.5846128488016439
2021-10-28,0.5874692452424902
2021-10-29,0.5851940864789559
2021-11-01,0.582301763224648
2021-11-02,0.5818020251109567
2021-11-03,0.587713765536879
2021-11-04,0.5799248224630331
2021-11-05,0.5766796210936997
2021-11-08,0.5766868595412654
2021-11-09,0.5787393347829454
2021-11-10,0.5792362887374738
2021-11-11,0.5812558654673703
2021-11-12,0.5774310534447801
2021-11-15,0.5745766842614131
2021-11-16,0.5745495043005674
2021-11-17,0.5762424339437761
2021-11-18,0.5777227994078601
2021-11-19,0.5746976744185567
2021-11-22,0.564928466332332
2021-11-23,0.5441388708989001
2021-11-24,0.5344074463017842
2021-11-26,0.550995884610418
2021-11-29,0.5535560238387242
2021-11-30,0.5686556272506905
2021-12-01,0.5743683926161716
2021-12-02,0.5805785157739766
2021-12-03,0.5808249711359645
2021-12-06,0.5834524112072659
2021-12-07,0.5963308663414899
2021-12-08,0.5947321955297464
2021-12-09,0.5904347599429656
2021-12-10,0.5892910678532459
2021-12-13,0.5865851503819857
2021-12-14,0.5874681399325956
2021-12-15,0.5858183884572138
2021-12-16,0.5753446178837154
2021-12-17,0.5843240381630447
2021-12-20,0.58873572224973
2021-12-21,0.5985303309062701
2021-12-22,0.6046983078286232
2021-12-23,0.6096451542085349
2021-12-27,0.6074122684568707
2021-12-28,0.6129424974760618
2021-12-29,0.6114882677978775
2021-12-30,0.611048017967019
2021-12-31,0.6128832221727484
2022-01-03,0.6081805235223215
2022-01-04,0.587658707238939
2022-01-05,0.5883642633926447
2022-01-06,0.5863766989832184
2022-01-07,0.5821656596812346
2022-01-10,0.5804506253335168
2022-01-11,0.5849299757425334
2022-01-12,0.5854968379379766
2022-01-13,0.587949538843791
2022-01-14,0.5831594581240531
2022-01-18,0.5884091497256266
2022-01-19,0.5893696883475891
2022-01-20,0.5952647848897699
2022-01-21,0.6045436455363309
2022-01-24,0.6010874897674454
2022-01-25,0.5889787129125481
2022-01-26,0.5881660388970195
2022-01-27,0.5748320393899762
2022-01-28,0.5746250505052926
2022-01-31,0.5720742677027504
2022-02-01,0.5657017846885579
2022-02-02,0.5667342641699952
2022-02-03,0.5816934348488286
2022-02-04,0.5744815240164175
2022-02-07,0.5744037714594769
2022-02-08,0.5631462073860029
2022-02-09,0.5623779194361459
2022-02-10,0.5706195859281087
2022-02-11,0.5617531083539729
2022-02-14,0.5653494540418237
2022-02-15,0.5628780557528213
2022-02-16,0.5662142678365837
2022-02-17,0.5733760714357221
2022-02-18,0.5736529823007666
2022-02-22,0.575897912097645
2022-02-23,0.568190175531649
2022-02-24,0.5572523184509952
2022-02-25,0.5727498326795405
2022-02-28,0.5654341394031076
2022-03-01,0.5625851842127155
2022-03-02,0.5748533652068303
2022-03-03,0.5741751595321459
2022-03-04,0.5666421799683791
2022-03-07,0.5701615989387966
2022-03-08,0.5634097367098461
2022-03-09,0.5593370276108323
2022-03-10,0.5587030965598561
2022-03-11,0.5604713376180043
2022-03-14,0.5549245597581783
2022-03-15,0.5527671770391642
2022-03-16,0.5611705249904068
2022-03-17,0.5665556841735891
2022-03-18,0.5656063919408202
2022-03-21,0.5649867136122841
2022-03-22,0.5648705036552315
2022-03-23,0.5664411793469303
2022-03-24,0.5677874004110506
2022-03-25,0.5684001178540923
2022-03-28,0.5671834835476539
2022-03-29,0.5670612622291421
2022-03-30,0.5672175092935229
2022-03-31,0.5711641033040978
2022-04-01,0.5732364053855299
2022-04-04,0.5700907075970589
2022-04-05,0.5695704460356693
2022-04-06,0.5586712780753996
2022-04-07,0.5566871745214307
2022-04-08,0.5520648364117827
2022-04-11,0.5530769029472249
2022-04-12,0.5532598885017289
2022-04-13,0.5535872757362049
2022-04-14,0.5537901677314919
2022-04-18,0.5461973555188692
2022-04-19,0.5492630323998499
2022-04-20,0.5489920360836221
2022-04-21,0.5524453700788695
2022-04-22,0.5649783397676141
2022-04-25,0.565587426459253
2022-04-26,0.5720046440078486
2022-04-27,0.5777372016313874
2022-04-28,0.5813326725630381
2022-04-29,0.5931006044529643
2022-05-02,0.5891569683943941
2022-05-03,0.5888470189966992
2022-05-04,0.600025981517926
2022-05-05,0.6060046564659969
2022-05-06,0.6053696935359687
2022-05-09,0.6221736718979444
2022-05-10,0.6206704663939476
2022-05-11,0.619469041759876
2022-05-12,0.6202739842410903
2022-05-13,0.6348762989894335
2022-05-16,0.6326689956424822
2022-05-17,0.640713886400587
2022-05-18,0.6526141711908894
2022-05-19,0.6535115264872227
2022-05-20,0.6502771262932614
2022-05-23,0.65311531458127
2022-05-24,0.6526117917539441
2022-05-25,0.6543863316176668
2022-05-26,0.653467355223508
2022-05-27,0.6565641260032714
2022-05-31,0.6556136454978835
2022-06-01,0.6505313913118469
2022-06-02,0.6507243357013557
2022-06-03,0.6547621941291127
2022-06-06,0.6554057285888789
2022-06-07,0.6579336878705556
2022-06-08,0.6589217088221203
2022-06-09,0.664711858932736
2022-06-10,0.6697168057803133
2022-06-13,0.6834817804907809
2022-06-14,0.6820643722628921
2022-06-15,0.6807519726539837
2022-06-16,0.6889730859539059
2022-06-17,0.6862047879067202
2022-06-21,0.6931962730864839
2022-06-22,0.687877655210408
2022-06-23,0.6837944850025153
2022-06-24,0.6866902053356639
2022-06-27,0.6867691892755248
2022-06-28,0.6830049745647452
2022-06-29,0.6790552868897504
2022-06-30,0.6798722461313966
2022-07-01,0.6800340659009341
2022-07-05,0.6783803387915951
2022-07-06,0.6830074568682526
2022-07-07,0.6819829339335532
2022-07-08,0.6840651305753566
2022-07-11,0.6888479523872033
2022-07-12,0.6863253864706366
2022-07-13,0.6868026459916232
2022-07-14,0.6889070447993643
2022-07-15,0.6937895656518401
2022-07-18,0.692841946609369
2022-07-19,0.7054362942246124
2022-07-20,0.7060159888902022
2022-07-21,0.7033421933065449
2022-07-22,0.7089473942067851
2022-07-25,0.7154919609394157
2022-07-26,0.7155430935839758
2022-07-27,0.7144674343510651
2022-07-28,0.7155065297564129
2022-07-29,0.7164304220941614
2022-08-01,0.718732870583179
2022-08-02,0.7216618198044098
2022-08-03,0.7162316445514929
2022-08-04,0.714745832973239
2022-08-05,0.7166157450796065
2022-08-08,0.7169542579248087
2022-08-09,0.7167886181570406
2022-08-10,0.7169774227265869
2022-08-11,0.714609225150215
2022-08-12,0.718545423289779
2022-08-15,0.7181664371999574
2022-08-16,0.7235830388953611
2022-08-17,0.7256265507565833
2022-08-18,0.7272101040878024
2022-08-19,0.7233037812034111
2022-08-22,0.7254247238803303
2022-08-23,0.7210059776215351
2022-08-24,0.7219479800645694
2022-08-25,0.725071095783636
2022-08-26,0.7297557787988675
2022-08-29,0.7297208396202844
2022-08-30,0.7277583184203712
2022-08-31,0.7241937735024424
2022-09-01,0.7230192609398762
2022-09-02,0.7205121938631868
2022-09-06,0.7211824664617306
2022-09-07,0.716322895088681
2022-09-08,0.7075340675144147
2022-09-09,0.7111413460285798
2022-09-12,0.7122741729131297
2022-09-13,0.7136270771080633
2022-09-14,0.7090560819971912
2022-09-15,0.7076051241212364
2022-09-16,0.6934475983791233
2022-09-19,0.693901003393695
2022-09-20,0.6970343571170035
2022-09-21,0.7017218701992365
2022-09-22,0.6954385442080162
2022-09-23,0.6993193417388308
2022-09-26,0.6976056864280962
2022-09-27,0.6893820049184107
2022-09-28,0.694449131191797
2022-09-29,0.6952307794504088
2022-09-30,0.6936655622185596
2022-10-03,0.7055650421427779
2022-10-04,0.715112856867633
2022-10-05,0.7140166108835309
2022-10-06,0.7086380064930047
2022-10-07,0.7110331920328449
2022-10-10,0.7144212250029572
2022-10-11,0.7130090693984632
2022-10-12,0.7143502545883614
2022-10-13,0.7229873513516447
2022-10-14,0.7234022747824365
2022-10-17,0.7267236461775478
2022-10-18,0.7229254026323354
2022-10-19,0.7150693413813096
2022-10-20,0.6995224555059215
2022-10-21,0.7072466600672795
2022-10-24,0.7104201923946515
2022-10-25,0.700931240988051
2022-10-26,0.7006839426269085
2022-10-27,0.6909685499394941
2022-10-28,0.6967829945252269
2022-10-31,0.7063545163358524
2022-11-01,0.703175814712332
2022-11-02,0.7091085444355592
2022-11-03,0.710837676370972
2022-11-04,0.7157090889387
2022-11-07,0.7163939666021923
2022-11-08,0.7160827687956598
2022-11-09,0.7255975961223674
2022-11-10,0.7330226388187928
2022-11-11,0.7267233812465342
2022-11-14,0.7259348098655881
2022-11-15,0.7249547456000998
2022-11-16,0.7235319579654026
2022-11-17,0.7234035196608579
2022-11-18,0.7247264957386925
2022-11-21,0.7227294766384206
2022-11-22,0.7303202057043707
2022-11-23,0.7239693217155264
2022-11-25,0.7265025130044468
2022-11-28,0.7332279830048917
2022-11-29,0.7313995650705403
2022-11-30,0.7321183358030614
2022-12-01,0.7334594097473491
2022-12-02,0.7331922385810595
2022-12-05,0.7357607673685029
2022-12-06,0.7395214590644839
2022-12-07,0.7380812271781383
2022-12-08,0.7367821198891668
2022-12-09,0.7431849808796459
2022-12-12,0.7481870384790936
2022-12-13,0.7489170300134298
2022-12-14,0.7486596539142931
2022-12-15,0.7518049934027337
2022-12-16,0.7519268870186115
2022-12-19,0.7557940325680635
2022-12-20,0.7546287901960269
2022-12-21,0.7588358154470847
2022-12-22,0.7596604623619801
2022-12-23,0.7592256315023848
2022-12-27,0.7604119553661417
2022-12-28,0.7635291621051552
2022-12-29,0.7642397615117593
2022-12-30,0.7710229005446374
2023-01-03,0.7687016745969428
2023-01-04,0.766610694861628
2023-01-05,0.7601307698998881
2023-01-06,0.7639422056140631
2023-01-09,0.7587260319793357
2023-01-10,0.7582805659406645
2023-01-11,0.7644251657807767
2023-01-12,0.767136232084737
2023-01-13,0.7670683639421967
2023-01-17,0.769895660560765
2023-01-18,0.7735565771065925
2023-01-19,0.769680129325609
2023-01-20,0.7687137184985187
2023-01-23,0.7573304336440729
2023-01-24,0.7589497710134496
2023-01-25,0.7628526038801434
2023-01-26,0.762022697694203
2023-01-27,0.7627325295953291
2023-01-30,0.7641255165109864
2023-01-31,0.7626340246378499
2023-02-01,0.7611733887798043
2023-02-02,0.7567724319557741
2023-02-03,0.7552777344238413
2023-02-06,0.756393111593944
2023-02-07,0.7556321264793949
2023-02-08,0.7561960246292632
2023-02-09,0.7554547148250185
2023-02-10,0.7420561793315454
2023-02-13,0.7296942634236625
2023-02-14,0.7316450875178676
2023-02-15,0.7355982542102416
2023-02-16,0.7333558730988511
2023-02-17,0.7251755624058319
2023-02-21,0.7295891296458604
2023-02-22,0.7305704138181036
2023-02-23,0.7182083576558327
2023-02-24,0.7109579685871544
2023-02-27,0.7061197778190114
2023-02-28,0.7054182608515426
2023-03-01,0.7137160691095745
2023-03-02,0.7144667101806332
2023-03-03,0.7081620117445816
2023-03-06,0.7086230040940208
2023-03-07,0.7108370520687701
2023-03-08,0.7173208959893438
2023-03-09,0.715136804609576
2023-03-10,0.7142207520213435
2023-03-13,0.6942554688917166
2023-03-14,0.6985689520275
2023-03-15,0.6868919321253222
2023-03-16,0.6973426683877259
2023-03-17,0.6940652860099241
2023-03-20,0.6915618764347506
2023-03-21,0.6927235728309695
2023-03-22,0.6893810412107334
2023-03-23,0.6627872132818867
2023-03-24,0.6690172341937568
2023-03-27,0.6677537594763865
2023-03-28,0.665515060413077
2023-03-29,0.6677938069047782
2023-03-30,0.6678135400598211
2023-03-31,0.6729030584416693
2023-04-03,0.6705128557884493
2023-04-04,0.6658147718482459
2023-04-05,0.6593868052324532
2023-04-06,0.6593016386127992
2023-04-10,0.6531947440929934
2023-04-11,0.6537638041744647
2023-04-12,0.6483633555188835
2023-04-13,0.6512135608711347
2023-04-14,0.6484095265681701
2023-04-17,0.6380239386481755
2023-04-18,0.6320510730129371
2023-04-19,0.6339848379000425
2023-04-20,0.6361655043985588
2023-04-21,0.6331632135584803
2023-04-24,0.6242207610657913
2023-04-25,0.6302958238139736
2023-04-26,0.6257981589671857
2023-04-27,0.620440220657351
2023-04-28,0.6205099786048944
2023-05-01,0.6192557840266547
2023-05-02,0.6242581198883815
2023-05-03,0.61926130456776
2023-05-04,0.6200971978430692
2023-05-05,0.6318123788941364
2023-05-08,0.6334878314774147
2023-05-09,0.6313316767302984
2023-05-10,0.6241719412694869
2023-05-11,0.6251163750884704
2023-05-12,0.6277781697524557
2023-05-15,0.6288489745902323
2023-05-16,0.6359299142460767
2023-05-17,0.6286660890969304
2023-05-18,0.6342658254332673
2023-05-19,0.6323961759161753
2023-05-22,0.6306620890941369
2023-05-23,0.6296060896090622
2023-05-24,0.6290288495672045
2023-05-25,0.6144018750150305
2023-05-26,0.6044391355073309
2023-05-30,0.607702088464447
2023-05-31,0.5987071152566361
2023-06-01,0.6001817126057236
2023-06-02,0.606382104680442
2023-06-05,0.6063742518549696
2023-06-06,0.6006776333226993
2023-06-07,0.5949749593824214
2023-06-08,0.5903705753529221
2023-06-09,0.5859998402005817
2023-06-12,0.5888277494091911
2023-06-13,0.5985926829636556
2023-06-14,0.5962808805947671
2023-06-15,0.6006083190138015
2023-06-16,0.5932949743496284
2023-06-20,0.5930908449384031
2023-06-21,0.5885427391343665
2023-06-22,0.5892530040502928
2023-06-23,0.5887121890608514
2023-06-26,0.58575316916241
2023-06-27,0.5859931359389763
2023-06-28,0.5810359037358025
2023-06-29,0.5906337328401589
2023-06-30,0.5870163058673877
2023-07-03,0.5844006647383404
2023-07-05,0.5838731890484298
2023-07-06,0.5881533451922054
2023-07-07,0.5814137803599918
2023-07-10,0.5821411142824198
2023-07-11,0.5846676362222057
2023-07-12,0.5848060662218486
2023-07-13,0.5771884166084638
2023-07-14,0.5672797727218121
2023-07-17,0.5540430964426462
2023-07-18,0.5575321946464896
2023-07-19,0.5498217493769559
2023-07-20,0.5343174546018725
2023-07-21,0.552231700786582
2023-07-24,0.5449181015530514
2023-07-25,0.542979205406622
2023-07-26,0.5338037363934894
2023-07-27,0.5317057353026113
2023-07-28,0.5283180630305354
2023-07-31,0.5180756942131907
2023-08-01,0.5025945838528674
2023-08-02,0.5095238380677041
2023-08-03,0.5102211476677693
2023-08-04,0.5132826884719464
2023-08-07,0.5159380565503021
2023-08-08,0.5071826190448885
2023-08-09,0.5048337955810017
2023-08-10,0.5001801506743612
2023-08-11,0.5022221969991838
2023-08-14,0.49848369994530767
2023-08-15,0.5111551861163176
2023-08-16,0.5160321669333645
2023-08-17,0.5139369076970882
2023-08-18,0.5155154457333925
2023-08-21,0.5131585692786816
2023-08-22,0.5085010197517859
2023-08-23,0.5130437629228835
2023-08-24,0.5214744020830716
2023-08-25,0.5255541954645386
2023-08-28,0.5272861804636702
2023-08-29,0.5291116724895839
2023-08-30,0.5307892394267198
2023-08-31,0.5317965507832667
2023-09-01,0.5179884136394891
2023-09-05,0.517906908686153
2023-09-06,0.5151759440280419
2023-09-07,0.5074330774959048
2023-09-08,0.5090826410925511
2023-09-11,0.4926927695601332
2023-09-12,0.48151329745597055
2023-09-13,0.475285695816757
2023-09-14,0.45592476555321054
2023-09-15,0.46433874280834564
2023-09-18,0.4626416085496272
2023-09-19,0.46558587647742844
2023-09-20,0.46692355472961894
2023-09-21,0.4789417621439687
2023-09-22,0.47823960252729275
2023-09-25,0.4738797382107173
2023-09-26,0.4778335712280277
2023-09-27,0.47337762032987313
2023-09-28,0.47581927368062227
2023-09-29,0.4793180759278612
2023-10-02,0.4772754530099387
2023-10-03,0.48273044378324087
2023-10-04,0.4865275020103405
2023-10-05,0.48910088966665805
2023-10-06,0.4963482912455034
2023-10-09,0.5010794289806186
2023-10-10,0.49612969550138203
2023-10-11,0.47959414959264274
2023-10-12,0.48053554595984066
2023-10-13,0.48427791757767386
2023-10-16,0.49454301184774746
2023-10-17,0.49461632828235896
2023-10-18,0.4951709742708135
2023-10-19,0.5020071340007604
2023-10-20,0.5082997501076669
2023-10-23,0.5130191505087246
2023-10-24,0.4999958351164706
2023-10-25,0.5021412758144026
2023-10-26,0.5034558106597827
2023-10-27,0.5089478754814744
2023-10-30,0.517222764287169
2023-10-31,0.5175740412335003
2023-11-01,0.5202454703117106
2023-11-02,0.5446223580454687
2023-11-03,0.5432374791463334
2023-11-06,0.5389017786233062
2023-11-07,0.5300851701885254
2023-11-08,0.5322903724992256
2023-11-09,0.5294664469691154
2023-11-10,0.5325127132970964
2023-11-13,0.5371507131298461
2023-11-14,0.5428659273630015
2023-11-15,0.5423529601313609
2023-11-16,0.5399602840998059
2023-11-17,0.5390413210550664
2023-11-20,0.5537442076058712
2023-11-21,0.55500427391419
2023-11-22,0.5506849843179058
2023-11-24,0.5505543155659142
2023-11-27,0.5641610068760179
2023-11-28,0.5672791277527329
2023-11-29,0.5672256493979868
2023-11-30,0.570670962309428
2023-12-01,0.5745822928175822
2023-12-04,0.5719494560602938
2023-12-05,0.5702617606776472
2023-12-06,0.5750677446572895
2023-12-07,0.5740758209341686
2023-12-08,0.5754048012583114
2023-12-11,0.5782360501228512
2023-12-12,0.5761605675235816
2023-12-13,0.5829906016677804
2023-12-14,0.5837561348805069
2023-12-15,0.5855938775426625
2023-12-18,0.5859360369831224
2023-12-19,0.5903852973116319
2023-12-20,0.6016402999845203
2023-12-21,0.600623610170627
2023-12-22,0.5986656301388921
2023-12-26,0.6009978115588939
2023-12-27,0.6007368655849524
2023-12-28,0.6031927883959948
2023-12-29,0.602505894423009
2024-01-02,0.5811297098534383
2024-01-03,0.573980085584984
2024-01-04,0.5689236353733568
2024-01-05,0.5676046490565608
2024-01-08,0.5621799282887674
2024-01-09,0.5623584569371051
2024-01-10,0.5649449192894209
2024-01-11,0.5629036066878926
2024-01-12,0.5652744747063255
2024-01-16,0.5665989633288845
2024-01-17,0.5703625219936822
2024-01-18,0.5680792258795668
2024-01-19,0.5691827024900842
2024-01-22,0.5781675656016113
2024-01-23,0.5780409696933018
2024-01-24,0.570952908913949
2024-01-25,0.5640445089744505
2024-01-26,0.5608360360595264
2024-01-29,0.5607248981738742
2024-01-30,0.5549099411606339
2024-01-31,0.550968542419618
2024-02-01,0.5509472037757971
2024-02-02,0.5499491355673692
2024-02-05,0.5409253788285999
2024-02-06,0.542445884441831
2024-02-07,0.5425065409706908
2024-02-08,0.5380900994203942
2024-02-09,0.5382857455420952
2024-02-12,0.5300316282562478
2024-02-13,0.5478127897805817
2024-02-14,0.549911430297138
2024-02-15,0.5460679447850869
2024-02-16,0.547949238316141
2024-02-20,0.5507358440365651
2024-02-21,0.5500785967948767
2024-02-22,0.5563456565002266
2024-02-23,0.5613536253153307
2024-02-26,0.5577666742674038
2024-02-27,0.5593398837689587
2024-02-28,0.5620039559435178
2024-02-29,0.5559048240765413
2024-03-01,0.5454250954395493
2024-03-04,0.5422459306212528
2024-03-05,0.5423046936181148
2024-03-06,0.539951696243351
2024-03-07,0.532136484324966
2024-03-08,0.5220016903524285
2024-03-11,0.5208205085104464
2024-03-12,0.5194175682372107
2024-03-13,0.5147686261991977
2024-03-14,0.4874244560441995
2024-03-15,0.49125994851305865
2024-03-18,0.4941584992359028
2024-03-19,0.49847050125500914
2024-03-20,0.49494634846868446
2024-03-21,0.49251974608975113
2024-03-22,0.4836917954317837
2024-03-25,0.48526956366825
2024-03-26,0.47623000962676315
2024-03-27,0.48183352427432774
2024-03-28,0.48392567165106515
2024-04-01,0.4845371135724843
2024-04-02,0.48120562051488197
2024-04-03,0.48260026827958497
2024-04-04,0.49376535900123303
2024-04-05,0.49956404176737074
2024-04-08,0.4975385260980363
2024-04-09,0.4948965813789088
2024-04-10,0.503324222727375
2024-04-11,0.4945979605352294
2024-04-12,0.5124176348380786
2024-04-15,0.5164935581906354
2024-04-16,0.5168077516350902
2024-04-17,0.5144611409561393
2024-04-18,0.5152904735568035
2024-04-19,0.5043194262073675
2024-04-22,0.505001901859011
2024-04-23,0.511655967594051
2024-04-24,0.5006036811534338
2024-04-25,0.5064052517622509
2024-04-26,0.5047012331238294
2024-04-29,0.5036901274660235
2024-04-30,0.509919309789997
2024-05-01,0.4943717023152592
2024-05-02,0.4889027876694722
2024-05-03,0.4875160255410573
2024-05-06,0.49012748857411903
2024-05-07,0.4891678220574611
2024-05-08,0.49015435999212137
2024-05-09,0.49239036667627156
2024-05-10,0.5089194809304843
2024-05-13,0.5126471792165809
2024-05-14,0.5178708551091691
2024-05-15,0.5232291619249195
2024-05-16,0.5271684259024123
2024-05-17,0.5266752451471065
2024-05-20,0.5232967002694358
2024-05-21,0.5228141307626859
2024-05-22,0.5228660454856874
2024-05-23,0.5289334215793798
2024-05-24,0.5256624595493073
2024-05-28,0.521680103243149
2024-05-29,0.5290287911829779
2024-05-30,0.5230322046236664
2024-05-31,0.5326207961558624
2024-06-03,0.5304381410914788
2024-06-04,0.5305492959662632
2024-06-05,0.5328216974026583
2024-06-06,0.532424524973253
2024-06-07,0.5350714260168082
2024-06-10,0.5255873070838726
2024-06-11,0.5202475138784708
2024-06-12,0.5163750819866207
2024-06-13,0.5172360467446675
2024-06-14,0.5201927251869302
2024-06-17,0.5182979823185434
2024-06-18,0.5200459860786133
2024-06-20,0.5210386789812768
2024-06-21,0.5213812035257981
2024-06-24,0.5026029062431477
2024-06-25,0.4979872110189655
2024-06-26,0.49340232478275975
2024-06-27,0.4945208402625166
2024-06-28,0.49161832759620705
2024-07-01,0.4910157847692415
2024-07-02,0.47740985836383754
2024-07-03,0.4766109494366184
2024-07-05,0.4710080103620342
2024-07-08,0.4714080382938401
2024-07-09,0.4695258081375761
2024-07-10,0.47605108488920184
2024-07-11,0.47191689532920755
2024-07-12,0.4736935923239531
2024-07-15,0.4711791498932808
2024-07-16,0.47130760916812947
2024-07-17,0.46904854775154475
2024-07-18,0.46838937654062796
2024-07-19,0.46576292888279175
2024-07-22,0.4644158165780483
2024-07-23,0.4663371810525302
2024-07-24,0.46133959094275906
2024-07-25,0.4573476126349058
2024-07-26,0.4590104996695428
2024-07-29,0.45655886359529047
2024-07-30,0.4581877776234963
2024-07-31,0.4564086521270166
2024-08-01,0.44971668953968974
2024-08-02,0.4625971923835799
2024-08-05,0.5023009673636296
2024-08-06,0.49975396448148873
2024-08-07,0.49775452681245164
2024-08-08,0.5250809315200052
2024-08-09,0.5333596100785125
2024-08-12,0.5322367760430312
2024-08-13,0.5279213224169371
2024-08-14,0.5243479315238538
2024-08-15,0.5312004343885537
2024-08-16,0.531932116698328
2024-08-19,0.5346920175857764
2024-08-20,0.5336496724148991
2024-08-21,0.5218525188223081
2024-08-22,0.5167758879748408
2024-08-23,0.5199557484604953
2024-08-26,0.5184399350864864
2024-08-27,0.5173811458639282
2024-08-28,0.521452416721982
2024-08-29,0.5187044316078775
2024-08-30,0.5179061624291412
2024-09-03,0.5272337051497771
2024-09-04,0.5285333042086929
2024-09-05,0.5322170649135397
2024-09-06,0.5387893858509162
2024-09-09,0.5377156098579996
2024-09-10,0.5331677834657628
2024-09-11,0.5289866672374307
2024-09-12,0.5296487559640233
2024-09-13,0.5279340289990965
2024-09-16,0.5296675536416963
2024-09-17,0.524095072082725
2024-09-18,0.5221297400398403
2024-09-19,0.5270804696745864
2024-09-20,0.5276323451930804
2024-09-23,0.5249763450099811
2024-09-24,0.5209126703183329
2024-09-25,0.5233038227668687
2024-09-26,0.5184271161401417
2024-09-27,0.5178301312569539
2024-09-30,0.5195237350373647
2024-10-01,0.512749009746176
2024-10-02,0.5068338902438161
2024-10-03,0.5020324268575453
2024-10-04,0.5068748727958069
2024-10-07,0.5006781542942649
2024-10-08,0.494949959313581
2024-10-09,0.49024558033038435
2024-10-10,0.4942228676297802
2024-10-11,0.49541732089494583
2024-10-14,0.49586432604174635
2024-10-15,0.5009411448226971
2024-10-16,0.501386282110501
2024-10-17,0.5015482520390286
2024-10-18,0.5049513898112824
2024-10-21,0.5073461387423174
2024-10-22,0.5077505069767194
2024-10-23,0.5094191923631876
2024-10-24,0.5089824176143612
2024-10-25,0.507326360143683
2024-10-28,0.5062045117805859
2024-10-29,0.5053493453436151
2024-10-30,0.5093923854367252
2024-10-31,0.5142678047883117
2024-11-01,0.5125280762719533
2024-11-04,0.5080751656901704
2024-11-05,0.5114231446019887
2024-11-06,0.5163955069055907
2024-11-07,0.5101649703331939
2024-11-08,0.5132079643817439
2024-11-11,0.5128591933187507
2024-11-12,0.5131813378178953
2024-11-13,0.5141246835351773
2024-11-14,0.5108488923133424
2024-11-15,0.5138584042360689
2024-11-18,0.5134185024355996
2024-11-19,0.5139107432196995
2024-11-20,0.5118986485209421
2024-11-21,0.5241736472629168
2024-11-22,0.5258801320198035
2024-11-25,0.5221126690303353
2024-11-26,0.5230082194126429
2024-11-27,0.5218965269985792
2024-11-29,0.5303445439201914
2024-12-02,0.5321709969928521
2024-12-03,0.5295298442078464
2024-12-04,0.5241301468084644
2024-12-05,0.5292783244161924
2024-12-06,0.5366849032075917
2024-12-09,0.5414965019587109
2024-12-10,0.5328843065738733
2024-12-11,0.4878683870582672
2024-12-12,0.4874057118151893
2024-12-13,0.48777403106943307
2024-12-16,0.4605707255286546
2024-12-17,0.461048075500135
2024-12-18,0.49663740457474426
2024-12-19,0.49660207761425296
2024-12-20,0.5029047877951626
2024-12-23,0.49720806603818707
2024-12-24,0.5006291843606392
2024-12-26,0.49763014637715924
2024-12-27,0.502449882099299
2024-12-30,0.5055812659098537
2024-12-31,0.5079726172903403
2025-01-02,0.5017696675033086
2025-01-03,0.5089778375319519
2025-01-06,0.5086211987947828
2025-01-07,0.5048171129135194
2025-01-08,0.5060907582154399
2025-01-10,0.503387551797342
2025-01-13,0.49804450805076184
2025-01-14,0.49331474114995
2025-01-15,0.49868357109625316
2025-01-16,0.4906677464934205
2025-01-17,0.48316853615749894
2025-01-21,0.4875572974181016
2025-01-22,0.4906654048566349
2025-01-23,0.48930486784455157
2025-01-24,0.48777685516249714
2025-01-27,0.4556515486766859
2025-01-28,0.4539811972752361
2025-01-29,0.45410466079343575
2025-01-30,0.44983354506311657
2025-01-31,0.451914776710817
2025-02-03,0.4511388677975201
2025-02-04,0.4498870877732968
2025-02-05,0.4505195289692221
2025-02-06,0.4515886477641135
2025-02-07,0.45528082900357475
2025-02-10,0.44996387806532373
2025-02-11,0.456876519435208
2025-02-12,0.45750167161981664
2025-02-13,0.4646028264741518
2025-02-14,0.46030798376712884
2025-02-18,0.46131595420377675
2025-02-19,0.4695686450874249
2025-02-20,0.46022873279729865
2025-02-21,0.4719399625450101
2025-02-24,0.4675694316090301
2025-02-25,0.46351308122239004
2025-02-26,0.45704792707701664
2025-02-27,0.4505497658985793
2025-02-28,0.46208471341442386
2025-03-03,0.46529434179992407
2025-03-04,0.4658689155225432
2025-03-05,0.4623488296505177
2025-03-06,0.4616724271571807
2025-03-07,0.46011510995132565
2025-03-10,0.4642336485333817
2025-03-11,0.4682933123900075
2025-03-12,0.4679962784242432
2025-03-13,0.47174643792318377
2025-03-14,0.4880398449045421
2025-03-17,0.49403672162065954
2025-03-18,0.4975682587779417
2025-03-19,0.4969709506970656
2025-03-20,0.48083011897554834
2025-03-21,0.4884050654076575
2025-03-24,0.49473169669526856
2025-03-25,0.49502156770965877
2025-03-26,0.49414670341314354
2025-03-27,0.49470009428851036
2025-03-28,0.49986144521412734
2025-03-31,0.5056655859910023
2025-04-01,0.4997330778816457
2025-04-02,0.501855111694806
2025-04-03,0.5660191778058372
2025-04-04,0.675430871890442
2025-04-07,0.6750565823761034
2025-04-08,0.6801662602690234
2025-04-09,0.7478841047590488
2025-04-10,0.7612270748031008
2025-04-11,0.7643986029228822
2025-04-14,0.7659853534030132
2025-04-15,0.7658732518051452
2025-04-16,0.7669425797710737
2025-04-17,0.7658506721383984
2025-04-21,0.7708649791390388
2025-04-22,0.7765785319108778
2025-04-23,0.7756954033394179
2025-04-24,0.7807522141985451
2025-04-25,0.7796242216359797
2025-04-28,0.7797728094770648
2025-04-29,0.7822228049078388
2025-04-30,0.7777797907878538
2025-05-01,0.7635473053458957
2025-05-02,0.7661269497052184
2025-05-05,0.7649303650777367
2025-05-06,0.7602038394797377
2025-05-07,0.7597696582264034
2025-05-08,0.7576992594350112
2025-05-09,0.7560853923372284
2025-05-12,0.761817699332243
2025-05-13,0.7505431211336885
2025-05-14,0.7479029913685363
2025-05-15,0.746646606821348
2025-05-16,0.7453560577470245
2025-05-19,0.7458960834332999
2025-05-20,0.7456153655146918
2025-05-21,0.7510152295678213
2025-05-22,0.7523379602014709
2025-05-23,0.7541553010878832
2025-05-27,0.7555438785936728
2025-05-28,0.7563875132505933
2025-05-29,0.7576298477941503
2025-05-30,0.7584924564538588
2025-06-02,0.7614971160182814
2025-06-03,0.7618472254062069
2025-06-04,0.7612449128179223
2025-06-05,0.7773742508030785
2025-06-06,0.7816580141163874
2025-06-09,0.7815818691149505
2025-06-10,0.7814474598310099
2025-06-11,0.7817163803707748
2025-06-12,0.7828143700267135
2025-06-13,0.7797108843800633
2025-06-16,0.7781969373331189
2025-06-17,0.7785630555533396
2025-06-18,0.778461610910866
2025-06-20,0.7803558129643808
2025-06-23,0.7756875414454476
2025-06-24,0.7741280821167222
2025-06-25,0.7733092043106828
2025-06-26,0.7745783896155828
2025-06-27,0.7747049604846208
2025-06-30,0.7750905938460128
2025-07-01,0.776217631809313
2025-07-02,0.7729998959095242
2025-07-03,0.7746002840974722
2025-07-07,0.7774751519239255
2025-07-08,0.7749442936270388
2025-07-09,0.7800722289754987
2025-07-10,0.7785846779161275
2025-07-11,0.7816830943602422
2025-07-14,0.7855550242487659
2025-07-15,0.7859353336400415
2025-07-16,0.786667235878456
2025-07-17,0.7862617871309215
2025-07-18,0.7914969004488696
2025-07-21,0.7911356781825923
2025-07-22,0.7893157530590182
2025-07-23,0.7886629349755445
2025-07-24,0.7862671431527946
2025-07-25,0.7853488625205377
2025-07-28,0.784506795027312
2025-07-29,0.7834403479946254
2025-07-30,0.7835401009869076
2025-07-31,0.7817186722248992
2025-08-01,0.7780603301029666
2025-08-04,0.779161592647188
2025-08-05,0.7811707102799826
2025-08-06,0.7792403719928371
2025-08-07,0.7805226471544274
2025-08-08,0.781451517602128
2025-08-11,0.7837386731724432
2025-08-12,0.7841402269519334
2025-08-13,0.7798184844495906
2025-08-14,0.7249097445585104
2025-08-15,0.7193321338220979
2025-08-18,0.717225613981727
2025-08-19,0.6274124210349005
2025-08-20,0.5735563356308465
2025-08-21,0.5624795899421122
2025-08-22,0.5663222006082347
2025-08-25,0.5670382684760787
2025-08-26,0.5694074578813868
2025-08-27,0.5738315650202118
2025-08-28,0.547553065718732
2025-08-29,0.522186991022235
2025-09-02,0.5222112807901889
2025-09-03,0.5114013702764597
2025-09-04,0.5154586223764315
2025-09-05,0.5131553509648304
2025-09-08,0.5137116938806274
2025-09-09,0.5192062149939838
2025-09-10,0.5222189894231896
2025-09-11,0.5112312510731248
2025-09-12,0.5099103369844012
2025-09-15,0.5052202175056152
2025-09-16,0.5019020992121959
2025-09-17,0.501414856361428
2025-09-18,0.500994519028885
2025-09-19,0.4589115157535884
2025-09-22,0.4757261685992108
2025-09-23,0.47575530718984116
2025-09-24,0.4741548174010671
2025-09-25,0.4739047475332985
2025-09-26,0.47805214870874674
2025-09-29,0.4757028680047707
2025-09-30,0.43786297845419403
2025-10-01,0.42470131391214966
2025-10-02,0.4237158056791656
2025-10-03,0.4061601597087499
2025-10-06,0.4008450836578061
2025-10-07,0.39979440710488
2025-10-08,0.3959214874571811
2025-10-09,0.3976075091702487
2025-10-10,0.4408009599863827
2025-10-13,0.44365157862870946
2025-10-14,0.43675749096008476
2025-10-15,0.429201265997309
2025-10-16,0.42700074566354257
2025-10-17,0.4261917352248943
2025-10-20,0.43360097518619767
2025-10-21,0.43314663376378904
2025-10-22,0.43493161236458594
2025-10-23,0.4375903445352733
2025-10-24,0.4349846367860714
2025-10-27,0.43523946251050455
2025-10-28,0.4361351579147326
2025-10-29,0.4405236621703578
2025-10-30,0.44234251347960246
2025-10-31,0.4429104384963695
2025-11-03,0.4402780992123757
2025-11-04,0.43539524626805987
2025-11-05,0.4366381505377493
2025-11-06,0.43445670680120924
2025-11-07,0.43778581080840084
2025-11-10,0.4418207995222548
2025-11-11,0.434350759084747
2025-11-12,0.43733474419872176
2025-11-13,0.43904982332467013
2025-11-14,0.43261059846733274
2025-11-17,0.4425981244232857
2025-11-18,0.4427885627838488
2025-11-19,0.4365916095227816
2025-11-20,0.44862390261950486
2025-11-21,0.45697737397132754
2025-11-24,0.45608594446255946
2025-11-25,0.45323038261580995
2025-11-26,0.45545745987869946
2025-11-28,0.44815378852442894
2025-12-01,0.4462308533501419
2025-12-02,0.44524510268976997
2025-12-03,0.4515458676486
2025-12-04,0.45223985498120856
2025-12-05,0.4516312018881898
2025-12-08,0.44658409745803196
2025-12-09,0.4381416984878447
2025-12-10,0.44007465958730113
2025-12-11,0.4334152558328426
2025-12-12,0.4368807761912339
2025-12-15,0.4314612088280246
2025-12-16,0.43434109336933413
2025-12-17,0.42708474632272564
2025-12-18,0.42107224406664434
2025-12-19,0.4197854070876284
2025-12-22,0.423195364959593
2025-12-23,0.42978803834492474
2025-12-24,0.4294526217639409
2025-12-26,0.43120811254892394
2025-12-29,0.4303423243940889
2025-12-30,0.4302258270021071
2025-12-31,0.42412926589405353
2026-01-02,0.424462715443249
2026-01-05,0.42279301349387516
2026-01-06,0.4135671308418171
2026-01-07,0.410462093375269
2026-01-08,0.404050783133858
2026-01-09,0.4021420477387283
2026-01-12,0.4018029625833816
2026-01-13,0.3955355785416347
2026-01-14,0.3933929805264713
2026-01-15,0.3922761709556714
2026-01-16,0.39100257111365605
2026-01-20,0.40207001701701856
2026-01-21,0.40768518783197033
2026-01-22,0.4060477720823317
2026-01-23,0.4061457290916759
2026-01-26,0.40767071926890586
2026-01-27,0.4041727042810826
2026-01-28,0.4034482892190249
2026-01-29,0.40013374894641146
2026-01-30,0.3985576657603989
2026-02-02,0.396886803240488
2026-02-03,0.3948996303091448
2026-02-04,0.3893333698143203
2026-02-05,0.39539112198656035
2026-02-06,0.42044132095994835
2026-02-09,0.4244145608472218
2026-02-10,0.43892823099493394
2026-02-11,0.4316644957824187
2026-02-12,0.44047381370519234
2026-02-13,0.44140446412370044
2026-02-17,0.438438821762444
2026-02-18,0.4426278298599888
2026-02-19,0.44169055266980717
2026-02-20,0.40944527720249635
2026-02-23,0.39446122373530246
2026-02-24,0.3960533037210482
2026-02-25,0.3956846701176965
2026-02-26,0.39339819980167023
2026-02-27,0.38089086437736536
2026-03-02,0.37465016338107865
2026-03-03,0.3771500813299644
2026-03-04,0.3786300888020758
2026-03-05,0.3775555665243446
2026-03-06,0.383195042499645
2026-03-09,0.38077025485845994
2026-03-10,0.38297520948477093
2026-03-11,0.3837878190617721
2026-03-12,0.39387444232545965
2026-03-13,0.3936491322595275
2026-03-16,0.3973984205038996
2026-03-17,0.4005664865931033
2026-03-18,0.4053971119426682
2026-03-19,0.40621373713850717
2026-03-20,0.4060122686284793
2026-03-23,0.4046740640873462
2026-03-24,0.407375871136207
2026-03-25,0.4065495442147852
2026-03-26,0.40470786150383425
2026-03-27,0.4170668902761279
2026-03-30,0.41114113031062294
2026-03-31,0.4344694609468077
2026-04-01,0.4373759696556866
2026-04-02,0.4359219477606688
2026-04-06,0.4334829741368148
2026-04-07,0.43167858971795803
2026-04-08,0.4586766967820888
2026-04-09,0.4592937371445879
2026-04-10,0.4588492131733555
2026-04-13,0.4612602878645152
2026-04-14,0.4655692913403737
2026-04-15,0.4657467660240111
2026-04-16,0.4647557000537935
2026-04-17,0.47376444800401796
2026-04-20,0.4752598492889001
2026-04-21,0.4765519815685464
2026-04-22,0.47429226021605975
2026-04-23,0.47620830037279716
2026-04-24,0.4739885626040405
2026-04-27,0.476105215974547
2026-04-28,0.4809551157106516
2026-04-29,0.4792267999087927
2026-04-30,0.4757698823152633
2026-05-01,0.47125791461964905
2026-05-04,0.47195255456526475
2026-05-05,0.47215525659922397
2026-05-06,0.4761978438483246
2026-05-07,0.4741733984127395
2026-05-08,0.4660341564387119
2026-05-11,0.46347059043529126
2026-05-12,0.4567496588448408
2026-05-13,0.455737209033433
2026-05-14,0.46442252153974534
2026-05-15,0.46098922768142153
2026-05-18,0.46088049669080616
2026-05-19,0.4578654324090567
2026-05-20,0.4634850327923929
2026-05-21,0.46619470719182043
2026-05-22,0.46532785874073146
2026-05-26,0.46323227823200247
2026-05-27,0.4615079965797938
2026-05-28,0.46150413035521387
2026-05-29,0.4590834370377348
2026-06-01,0.45870089174026324
2026-06-02,0.45737580394961624
2026-06-03,0.4557928282347704
2026-06-04,0.4468724551690331
2026-06-05,0.42704779777676743
2026-06-08,0.42529127730475835
2026-06-09,0.4261804934565244
2026-06-10,0.43206877645488967
2026-06-11,0.43584122990689944
2026-06-12,0.42396084342870693
