Date,adj_close,volume,log_return
2023-07-11,42.37187957763672,298244000,0.005320074732029866
2023-07-12,43.867698669433594,481277000,0.03469333114199608
2023-07-13,45.94109344482422,478204000,0.046181742717582124
2023-07-14,45.43349075317383,772075000,-0.011110483681104646
2023-07-17,46.42470169067383,510488000,0.021582166718101446
2023-07-18,47.4568977355957,569164000,0.021990201396766038
2023-07-19,47.04022979736328,427502000,-0.008818694270196407
2023-07-20,45.48444747924805,537865000,-0.0336327348440622
2023-07-21,44.27439498901367,963769000,-0.026963935151285208
2023-07-24,44.577152252197266,382516000,0.006814927693112734
2023-07-25,45.64331817626953,348081000,0.023635779175563268
2023-07-26,45.41649627685547,364237000,-0.004981832433855672
2023-07-27,45.8641471862793,455976000,0.009808311624754072
2023-07-28,46.71348571777344,331194000,0.018349191597002733
2023-07-31,46.692501068115234,251055000,-0.00044932130655298447
2023-08-01,46.470664978027344,237858000,-0.004762322251752743
2023-08-02,44.23442459106445,530142000,-0.049317929979903564
2023-08-03,44.480228424072266,324176000,0.005541462512931171
2023-08-04,44.64509963989258,362666000,0.0036997654307352225
2023-08-07,45.38153076171875,322154000,0.016360660068047685
2023-08-08,44.62911605834961,353843000,-0.016718738413261776
2023-08-09,42.5207633972168,586449000,-0.04839396529677353
2023-08-10,42.354896545410156,492705000,-0.0039084718297168015
2023-08-11,40.823089599609375,533085000,-0.03683619242549737
2023-08-14,43.71883010864258,690286000,0.06853106133164083
2023-08-15,43.90568161010742,676512000,0.004264829121810976
2023-08-16,43.452030181884766,527451000,-0.010386158175252494
2023-08-17,43.31014633178711,452395000,-0.0032706412466270004
2023-08-18,43.265174865722656,583768000,-0.001038898140653764
2023-08-21,46.93031692504883,692573000,0.08131584714067101
2023-08-22,45.632328033447266,755293000,-0.028047469490283704
2023-08-23,47.07920455932617,779046000,0.031214973300746823
2023-08-24,47.12615966796875,1156044000,0.0009968670662476727
2023-08-25,45.982059478759766,925341000,-0.02457694472066827
2023-08-28,46.79841613769531,685192000,0.017598050055682168
2023-08-29,48.74589157104492,701397000,0.04077155928746628
2023-08-30,49.225521087646484,735206000,0.009791291875771884
2023-08-31,49.31645584106445,528570000,0.001845604930293286
2023-09-01,48.47111129760742,463830000,-0.017289838103636195
2023-09-05,48.51008224487305,382653000,0.0008036805475316076
2023-09-06,47.028114318847656,468670000,-0.031026057806423635
2023-09-07,46.20869064331055,433330000,-0.01757771031032221
2023-09-08,45.540157318115234,473069000,-0.01457337442625475
2023-09-11,45.14643096923828,473966000,-0.008683286695551714
2023-09-12,44.838645935058594,349256000,-0.006840828391780304
2023-09-13,45.45321273803711,398355000,0.013613105384442608
2023-09-14,45.549156188964844,370097000,0.002108593163175016
2023-09-15,43.869319915771484,506831000,-0.0375768857978949
2023-09-18,43.935272216796875,500271000,0.0015022520309423137
2023-09-19,43.48958969116211,373064000,-0.01019587281792732
2023-09-20,42.20948791503906,367108000,-0.029876564128154526
2023-09-21,40.988338470458984,450736000,-0.02935742918360569
2023-09-22,41.5809211730957,479236000,0.014353837722231524
2023-09-25,42.1924934387207,419091000,0.0146008882007292
2023-09-26,41.881717681884766,402282000,-0.007392925087379229
2023-09-27,42.43832015991211,444935000,0.01320233190055928
2023-09-28,43.05889129638672,424663000,0.014517012293565215
2023-09-29,43.468605041503906,397830000,0.009470210616217913
2023-10-02,44.75070571899414,433298000,0.02906826051010365
2023-10-03,43.48658752441406,470850000,-0.02865465707514205
2023-10-04,44.01022720336914,361821000,0.011969485571079203
2023-10-05,44.65677261352539,393483000,0.014583934744415324
2023-10-06,45.73001480102539,434436000,0.02374888323736335
2023-10-09,45.24135971069336,409675000,-0.010743155037620362
2023-10-10,45.7660026550293,368582000,0.011529809077006044
2023-10-11,46.773292541503906,378137000,0.021770852467694182
2023-10-12,46.91219711303711,481325000,0.0029653401787302905
2023-10-13,45.429229736328125,474115000,-0.03212198334577617
2023-10-16,46.06278610229492,375099000,0.01384965643515803
2023-10-17,43.90729904174805,812333000,-0.04792480965779142
2023-10-18,42.1665153503418,627294000,-0.04045414048490093
2023-10-19,42.07158279418945,501233000,-0.002253911197721778
2023-10-20,41.35807418823242,477266000,-0.017104852829806626
2023-10-23,42.94497299194336,478530000,0.03765193138318988
2023-10-24,43.63248825073242,401463000,0.015882417919683017
2023-10-25,41.74979782104492,398379000,-0.044107407563490866
2023-10-26,40.297821044921875,541001000,-0.035397209548767385
2023-10-27,40.471702575683594,416784000,0.004305628944966297
2023-10-30,41.132232666015625,388028000,0.016189035848784936
2023-10-31,40.75149917602539,517969000,-0.009299435314554065
2023-11-01,42.29542922973633,437593000,0.037186395573289996
2023-11-02,43.4755973815918,409172000,0.027520776773958363
2023-11-03,44.97355270385742,424610000,0.033874798351407054
2023-11-06,45.71903610229492,400733000,0.016440156772876423
2023-11-07,45.92289352416992,343165000,0.004449006234652722
2023-11-08,46.54146194458008,346719000,0.013379807715485368
2023-11-09,46.91719436645508,540496000,0.008040655858521983
2023-11-10,48.30122756958008,421245000,0.029072749968756466
2023-11-13,48.58602523803711,384136000,0.0058789671597534055
2023-11-14,49.621307373046875,416954000,0.021084382605476293
2023-11-15,48.853843688964844,475497000,-0.015587266726844611
2023-11-16,49.44542694091797,339756000,0.012036516454596064
2023-11-17,49.26355743408203,325205000,-0.0036849677623117362
2023-11-20,50.37377166748047,414120000,0.022286028611974127
2023-11-21,49.909095764160156,565747000,-0.009267370208048369
2023-11-22,48.68195724487305,899420000,-0.024894792333368724
2023-11-24,47.742618560791016,294645000,-0.019484003793136428
2023-11-27,48.20828628540039,395662000,0.00970645105288531
2023-11-28,47.78758239746094,401491000,-0.008765097647590038
2023-11-29,48.106361389160156,382005000,0.006648598511696894
2023-11-30,46.73731994628906,526247000,-0.028871433930428167
2023-12-01,46.732322692871094,369317000,-0.00010692783842171437
2023-12-04,45.47820281982422,437543000,-0.027202907744482543
2023-12-05,46.537559509277344,371718000,0.023026565669618016
2023-12-06,45.47520446777344,380590000,-0.023092497274409516
2023-12-07,46.567527770996094,350823000,0.023736248623108244
2023-12-08,47.47698211669922,359224000,0.019341537288622528
2023-12-11,46.5985221862793,509728000,-0.018676178685550788
2023-12-12,47.62788772583008,372387000,0.02184963838380388
2023-12-13,48.05862045288086,447792000,0.009003058940451676
2023-12-14,48.32046890258789,391232000,0.005433732477115079
2023-12-15,48.860137939453125,479948000,0.011106631293328785
2023-12-18,50.04640197753906,412587000,0.02398872563381267
2023-12-19,49.57369613647461,464444000,-0.00949024138402016
2023-12-20,48.08161163330078,397894000,-0.030560563739882345
2023-12-21,48.96007537841797,300425000,0.018105368302193278
2023-12-22,48.8001708984375,252507000,-0.003271362924624453
2023-12-26,49.24889373779297,244200000,0.009153090318895496
2023-12-27,49.386810302734375,233648000,0.0027964854342025225
2023-12-28,49.49174499511719,246587000,0.002122497268713061
2023-12-29,49.49174499511719,389293000,0.0
2024-01-02,48.138572692871094,411254000,-0.027722105065236487
2024-01-03,47.53993606567383,320896000,-0.012513665748868641
2024-01-04,47.96868133544922,306535000,0.008978208699304999
2024-01-05,49.0670051574707,415039000,0.022638490415484734
2024-01-08,52.2210807800293,642510000,0.062299443532686856
2024-01-09,53.10753631591797,773100000,0.016832585305361754
2024-01-10,54.31679153442383,533796000,0.022514570466901637
2024-01-11,54.788509368896484,596759000,0.008647073420494042
2024-01-12,54.676578521728516,352994000,-0.0020450517755928894
2024-01-16,56.347557067871094,449580000,0.030103449570734356
2024-01-17,56.018760681152344,474394000,-0.0058522399186738475
2024-01-18,57.07211685180664,491650000,0.018629029265349033
2024-01-19,59.45465850830078,543501000,0.040898304112894315
2024-01-22,59.617557525634766,452955000,0.002736139871884897
2024-01-23,59.836429595947266,294654000,0.0036645459983497375
2024-01-24,61.32451629638672,560271000,0.02456503652679593
2024-01-25,61.5793571472168,482777000,0.004147000560858888
2024-01-26,60.99372100830078,390309000,-0.00955577854560978
2024-01-29,62.42684555053711,348733000,0.023224475429496082
2024-01-30,62.73564910888672,410735000,0.004934452381652475
2024-01-31,61.489418029785156,453795000,-0.020064756944881988
2024-02-01,62.98849868774414,369146000,0.024087053762006965
2024-02-02,66.11957550048828,476578000,0.048512703581072306
2024-02-05,69.2896499633789,680078000,0.04683069106965783
2024-02-06,68.18132019042969,683111000,-0.016124914032451993
2024-02-07,70.0561752319336,495575000,0.027126793697467944
2024-02-08,69.59844970703125,414422000,-0.0065551307610484085
2024-02-09,72.08894348144531,436637000,0.03515838999168136
2024-02-12,72.20387268066406,613710000,0.0015929999369309101
2024-02-13,72.08394622802734,602580000,-0.0016623230035635234
2024-02-14,73.85486602783203,504917000,0.024270537808694773
2024-02-15,72.61360168457031,420122000,-0.016949642191899622
2024-02-16,72.56863403320312,495327000,-0.0006194649446311258
2024-02-20,69.4095687866211,704833000,-0.0445080535871353
2024-02-21,67.4307861328125,673755000,-0.028923055597244757
2024-02-22,78.49003601074219,865100000,0.15187000575176496
2024-02-23,78.76884460449219,829388000,0.00354585871123488
2024-02-26,79.04368591308594,503973000,0.0034831402242008554
2024-02-27,78.65291595458984,391705000,-0.004955981976792911
2024-02-28,77.61554718017578,393110000,-0.013276946509537075
2024-02-29,79.06367492675781,507289000,0.01848578216337815
2024-03-01,82.22874450683594,479135000,0.03925139125395236
2024-03-04,85.18492889404297,615616000,0.03531959647417058
2024-03-05,85.91551208496094,520639000,0.00853986847505806
2024-03-06,88.64997863769531,582520000,0.03133139579834753
2024-03-07,92.61672973632812,608119000,0.04377400048623517
2024-03-08,87.47863006591797,1142269000,-0.057075256315860766
2024-03-11,85.72561645507812,678364000,-0.020242846316862875
2024-03-12,91.86116027832031,668075000,0.06912662035959394
2024-03-13,90.83673095703125,635713000,-0.011214579992574188
2024-03-14,87.89439392089844,602318000,-0.03292770502918589
2024-03-15,87.7874526977539,642086000,-0.0012174420796632536
2024-03-18,88.40510559082031,668976000,0.007011140869750069
2024-03-19,89.34758758544922,672171000,0.010604518109610736
2024-03-20,90.32103729248047,479063000,0.010836162775509587
2024-03-21,91.3834228515625,480372000,0.01169368835859627
2024-03-22,94.23580932617188,586719000,0.030736158041855886
2024-03-25,94.94841766357422,552136000,0.007533521361858452
2024-03-26,92.50879669189453,513648000,-0.02603003280695342
2024-03-27,90.1990966796875,586067000,-0.025284326987733422
2024-03-28,90.30503845214844,435212000,0.0011738432978102785
2024-04-01,90.3120346069336,452441000,7.746947362360897e-05
2024-04-02,89.40154266357422,433064000,-0.010132787376986259
2024-04-03,88.91383361816406,370067000,-0.005470198607943667
2024-04-04,85.8565444946289,434965000,-0.034989922992244085
2024-04-05,87.95835876464844,399678000,0.024185690454368386
2024-04-08,87.08384704589844,283220000,-0.009992092944280322
2024-04-09,85.30584716796875,501700000,-0.020628413260556238
2024-04-10,86.98990631103516,431929000,0.019549092085809943
2024-04-11,90.56488800048828,431637000,0.040274495758247715
2024-04-12,88.13626098632812,426805000,-0.02718255105792657
2024-04-15,85.95250701904297,443077000,-0.025089137464713522
2024-04-16,87.3656997680664,370453000,0.016307854720058673
2024-04-17,83.98760223388672,495400000,-0.03943355896934234
2024-04-18,84.62324523925781,447260000,0.007539799795538603
2024-04-19,76.15702819824219,875198000,-0.10541162607676846
2024-04-22,79.47315216064453,596341000,0.042621886737217236
2024-04-23,82.37651062011719,438559000,0.035881075034019445
2024-04-24,79.63206481933594,512208000,-0.033883494884850915
2024-04-25,82.58539581298828,424641000,0.036416022654826
2024-04-26,87.6855239868164,551011000,0.05992396413291237
2024-04-29,87.70751190185547,388971000,0.00025072734550537633
2024-04-30,86.353271484375,363709000,-0.015560860032680536
2024-05-01,82.99415588378906,559863000,-0.039676495923526886
2024-05-02,85.76860046386719,377898000,0.032882783274968415
2024-05-03,88.73892211914062,398341000,0.034045621818023265
2024-05-06,92.08804321289062,376203000,0.03704651149719966
2024-05-07,90.5029296875,437342000,-0.017362888449649835
2024-05-08,90.36099243164062,325721000,-0.0015695477941053855
2024-05-09,88.69696044921875,378013000,-0.018587053662284313
2024-05-10,89.82730102539062,335325000,0.012663328467538405
2024-05-13,90.3480224609375,289680000,0.005780179830026848
2024-05-14,91.30447387695312,296507000,0.010530659077861918
2024-05-15,94.57662963867188,417735000,0.035210613210253025
2024-05-16,94.30579376220703,323952000,-0.002867774112636752
2024-05-17,92.42684173583984,359691000,-0.020125195997369512
2024-05-20,94.72655487060547,318764000,0.024576939906062367
2024-05-21,95.33221435546875,328946000,0.006373413207982986
2024-05-22,94.89643859863281,548648000,-0.00458160757965522
2024-05-23,103.74046325683594,835065000,0.08910605749667393
2024-05-24,106.408935546875,429494000,0.0253973196152463
2024-05-28,113.83674621582031,652728000,0.06747581720635602
2024-05-29,114.7602310180664,557442000,0.008079632873614701
2024-05-30,110.43767547607422,484553000,-0.03839366516891213
2024-05-31,109.5711669921875,613263000,-0.007877073981286769
2024-06-03,114.93513488769531,438392000,0.047793659760665436
2024-06-04,116.37133026123047,403324000,0.012418276586436676
2024-06-05,122.37093353271484,528402000,0.05027066937759138
2024-06-06,120.92975616455078,664696000,-0.011847021279865349
2024-06-07,120.81981658935547,412386000,-0.000909532798936414
2024-06-10,121.72129821777344,313434100,0.007433673918889546
2024-06-11,120.85174560546875,222551200,-0.0071694391366994075
2024-06-12,125.13965606689453,299595000,0.03486581073686174
2024-06-13,129.5475311279297,260704500,0.03461748735557247
2024-06-14,131.81643676757812,309320400,0.017362474678335342
2024-06-17,130.91688537597656,288504400,-0.006847665148033217
2024-06-18,135.5146484375,294335100,0.034517081960814766
2024-06-20,130.7169647216797,517768400,-0.03604532987776046
2024-06-21,126.50900268554688,649445800,-0.03272093803874942
2024-06-24,118.05307006835938,476060900,-0.06917920340784847
2024-06-25,126.02923583984375,414192600,0.06537964080940041
2024-06-26,126.3390884399414,362975900,0.0024555597987742225
2024-06-27,123.93024444580078,252571700,-0.01925060778487451
2024-06-28,123.48046112060547,315516700,-0.00363592852359326
2024-07-01,124.24009704589844,284885500,0.006133025954674054
2024-07-02,122.61088562011719,218374000,-0.013200150672333608
2024-07-03,128.21817016601562,215749000,0.044717458123474475
2024-07-05,125.76936340332031,214176700,-0.019283486955406572
2024-07-08,128.13819885253906,237677300,0.018659579569162355
2024-07-09,131.3166961669922,285366600,0.02450257365244056
2024-07-10,134.84500122070312,248978600,0.026514046042048243
2024-07-11,127.33860778808594,374782700,-0.05727623821578353
2024-07-12,129.177734375,252680500,0.014339500438267642
2024-07-15,128.3780975341797,208326200,-0.006209445184797111
2024-07-16,126.2990951538086,214769500,-0.0163269316840072
2024-07-17,117.9331283569336,390086200,-0.0685351100835965
2024-07-18,121.0316390991211,320979500,0.025934236588817473
2024-07-19,117.87317657470703,217223800,-0.026442719884339785
2024-07-22,123.48046112060547,258068900,0.04647366231137912
2024-07-23,122.53092956542969,173911000,-0.007719449637928856
2024-07-24,114.19493865966797,327776900,-0.0704565080920289
2024-07-25,112.22588348388672,460067000,-0.01739331920103023
2024-07-26,113.0055160522461,293399100,0.006922975071752878
2024-07-29,111.53621673583984,248152100,-0.013087280208644492
2024-07-30,103.68000793457031,486833300,-0.073040042800566
2024-07-31,116.96359252929688,473174200,0.12055340227612463
2024-08-01,109.15736389160156,523462300,-0.06907216489355981
2024-08-02,107.2182846069336,482027500,-0.01792374706067631
2024-08-05,100.4015884399414,552842400,-0.06568877120783988
2024-08-06,104.19976043701172,409012100,0.0371318020002076
2024-08-07,98.86233520507812,411440400,-0.052581501313815615
2024-08-08,104.9194107055664,391910000,0.0594642094418183
2024-08-09,104.69952392578125,290844200,-0.0020979675411852182
2024-08-12,108.96745300292969,325559900,0.039954670502538314
2024-08-13,116.08402252197266,312646700,0.06326501965346312
2024-08-14,118.02310180664062,339246400,0.016566122335569974
2024-08-15,122.80078887939453,318086700,0.03968305646568488
2024-08-16,124.51995849609375,302589900,0.013902572470475372
2024-08-19,129.93736267089844,318333600,0.04258649646966372
2024-08-20,127.18869018554688,300087400,-0.021380775414518348
2024-08-21,128.4380645751953,257883600,0.009775067082842502
2024-08-22,123.68035888671875,376189100,-0.037746313829189956
2024-08-23,129.30764770507812,323230300,0.04449394444207591
2024-08-26,126.3990478515625,331964700,-0.022750482148592467
2024-08-27,128.23817443847656,303134600,0.014445323827678682
2024-08-28,125.54946899414062,448101100,-0.0211894165348478
2024-08-29,117.5333251953125,453023300,-0.06597794410175065
2024-08-30,119.31246948242188,333751600,0.015023933651836126
2024-09-03,107.94795227050781,477155100,-0.10009665816680338
2024-09-04,106.1588134765625,372470300,-0.016712974325863307
2024-09-05,107.15834045410156,306850700,0.009371344724577835
2024-09-06,102.78044128417969,413638100,-0.04171248290145888
2024-09-09,106.4186782836914,273912000,0.03478603424205343
2024-09-10,108.04789733886719,268283700,0.015193513408386011
2024-09-11,116.85365295410156,441422400,0.07834769971724609
2024-09-12,119.0927734375,366052700,0.018980475687471195
2024-09-13,119.05278015136719,238358300,-0.0003358726283659943
2024-09-16,116.73370361328125,248772300,-0.0196716222704719
2024-09-17,115.54417419433594,231925900,-0.010242385794682224
2024-09-18,113.32505798339844,310318900,-0.019392608916848107
2024-09-19,117.82327270507812,293506400,0.038925504385875616
2024-09-20,115.95401763916016,382462400,-0.015992100011663485
2024-09-23,116.21391296386719,206228500,0.0022388573011959583
2024-09-24,120.82208251953125,354966800,0.03888650095037451
2024-09-25,123.4610366821289,284692900,0.02160654272901266
2024-09-26,123.9908218383789,302582900,0.004281931595762699
2024-09-27,121.35187530517578,271009200,-0.021513159690851165
2024-09-30,121.39186096191406,226553700,0.00032944748824290657
2024-10-01,116.95360565185547,302094500,-0.037246509962899195
2024-10-02,118.80289459228516,221845900,0.015688448618966247
2024-10-03,122.80130004882812,277118000,0.03310183048720243
2024-10-04,124.87047576904297,243678100,0.016709403860813807
2024-10-07,127.66937255859375,346250200,0.022166889029197584
2024-10-08,132.83731079101562,285722500,0.03968125706970574
2024-10-09,132.59742736816406,246191600,-0.0018074762167367424
2024-10-10,134.75656127929688,242311300,0.016152224726532705
2024-10-11,134.74656677246094,170209500,-7.416987634069705e-05
2024-10-14,138.01527404785156,232347700,0.02396862957161232
2024-10-15,131.54783630371094,377831000,-0.04799380089788591
2024-10-16,135.6662139892578,264879700,0.030827000439657595
2024-10-17,136.87570190429688,306435900,0.008875668545137983
2024-10-18,137.94529724121094,176090200,0.007783981142865537
2024-10-21,143.6530303955078,264554500,0.04054367112187221
2024-10-22,143.5330810546875,226311600,-0.0008353422607355994
2024-10-23,139.50466918945312,285930000,-0.028467467036121647
2024-10-24,140.35433959960938,172354900,0.006072150576929348
2024-10-25,141.48388671875,205122100,0.00801561364956664
2024-10-28,140.46429443359375,173586700,-0.007232511488400767
2024-10-29,141.19400024414062,157593600,0.005181508636045097
2024-10-30,139.28475952148438,179418100,-0.013614365766067709
2024-10-31,132.70736694335938,270039600,-0.04837401162914677
2024-11-01,135.34632873535156,207127800,0.01969043588922478
2024-11-04,135.99607849121094,187528200,0.00478915923530701
2024-11-05,139.85455322265625,160537400,0.027976926323534657
2024-11-06,145.5522918701172,242043900,0.039932439320812856
2024-11-07,148.8209991455078,207323300,0.02220881939051525
2024-11-08,147.5714569091797,175665800,-0.008431723640077929
2024-11-11,145.20240783691406,182325600,-0.016183826939603706
2024-11-12,148.23118591308594,198634700,0.020644436834764152
2024-11-13,146.21202087402344,191903300,-0.01371535593065403
2024-11-14,146.7018280029297,194463300,0.0033443798394656925
2024-11-15,141.9237060546875,250132900,-0.03311251398671112
2024-11-18,140.09442138671875,221205300,-0.012972998154476969
2024-11-19,146.95172119140625,227834900,0.04778747181089832
2024-11-20,145.83216857910156,309871700,-0.007647675353840602
2024-11-21,146.6118621826172,400946600,0.005332271265106755
2024-11-22,141.89373779296875,236406200,-0.03271024941219493
2024-11-25,135.96607971191406,344941900,-0.04267301132016331
2024-11-26,136.86570739746094,190287700,0.0065947663617015794
2024-11-27,135.2863311767578,226370900,-0.011606703072908339
2024-11-29,138.19520568847656,141863200,0.021273715587895096
2024-12-02,138.57504272460938,171682800,0.0027447839988576197
2024-12-03,140.20440673828125,164414000,0.011689402286161436
2024-12-04,145.0824737548828,231224300,0.03420095933444592
2024-12-05,145.0124969482422,172621200,-0.0004824406836717148
2024-12-06,142.3933563232422,188505600,-0.01822658170064964
2024-12-09,138.7645263671875,189308600,-0.025814901171342337
2024-12-10,135.0257568359375,210020900,-0.027312890067357407
2024-12-11,139.2643585205078,184905200,0.030908435127401213
2024-12-12,137.29501342773438,159211400,-0.014241993437873687
2024-12-13,134.20602416992188,231514900,-0.022755880284121854
2024-12-16,131.95675659179688,237951100,-0.01690184568683462
2024-12-17,130.3472900390625,259410300,-0.012271917053166837
2024-12-18,128.8677978515625,277444500,-0.011415294267217409
2024-12-19,130.63717651367188,209719200,0.013636779688584738
2024-12-20,134.65586853027344,306528600,0.03029856619282355
2024-12-23,139.62425231933594,176053500,0.03623250055834111
2024-12-24,140.174072265625,105157000,0.003930121131408304
2024-12-26,139.8841552734375,116205600,-0.0020704058459397423
2024-12-27,136.96511840820312,170582600,-0.02108833449043473
2024-12-30,137.4449462890625,167734700,0.00349716305354325
2024-12-31,134.2460174560547,155659200,-0.023549378486750698
2025-01-02,138.26467895507812,198247200,0.029495743839188193
2025-01-03,144.4226837158203,229322500,0.04357449190987532
2025-01-06,149.38104248046875,265377400,0.033756070053507004
2025-01-07,140.09408569335938,351782200,-0.06418613606176692
2025-01-08,140.06411743164062,227349900,-0.0002139381356588428
2025-01-10,135.86549377441406,207602500,-0.030434919450235794
2025-01-13,133.18637084960938,204808900,-0.01991594804979075
2025-01-14,131.7168426513672,195590500,-0.011094944854994696
2025-01-15,136.1953887939453,185217300,0.033436049936576145
2025-01-16,133.5262451171875,209235600,-0.01979248584723371
2025-01-17,137.66490173339844,201188800,0.030524432715619207
2025-01-21,140.78387451171875,197749000,0.022403425677288254
2025-01-22,147.02183532714844,237651400,0.04335520583876181
2025-01-23,147.17178344726562,155915500,0.0010193839943005109
2025-01-24,142.5732879638672,234657600,-0.031744330380743854
2025-01-27,118.38121032714844,818830900,-0.1859461557068112
2025-01-28,128.94775390625,579666400,0.08549730054987718
2025-01-29,123.65947723388672,467120600,-0.04187567717055714
2025-01-30,124.60917663574219,392925500,0.007650615729044326
2025-01-31,120.03067016601562,388161100,-0.037434957560758333
2025-02-03,116.62179565429688,371235700,-0.02881111168562612
2025-02-04,118.61112976074219,256550000,0.016914141842964237
2025-02-05,124.78910827636719,262230800,0.050774853700263765
2025-02-06,128.63787841796875,251483600,0.03037613419678884
2025-02-07,129.79747009277344,228186300,0.008974000372334876
2025-02-10,133.5262451171875,216989100,0.028322737887253507
2025-02-11,132.75650024414062,178902400,-0.005781426175806069
2025-02-12,131.0970458984375,160278600,-0.012578767657724949
2025-02-13,135.24566650390625,197430000,0.031155019253644466
2025-02-14,138.8045196533203,195479600,0.025973733309642755
2025-02-18,139.35433959960938,219176600,0.003953285283349827
2025-02-19,139.1844024658203,167536000,-0.0012202047989007165
2025-02-20,140.06411743164062,143903600,0.00630060905147334
2025-02-21,134.38595581054688,228217600,-0.041384372250513404
2025-02-24,130.23733520507812,251381100,-0.03135748577583991
2025-02-25,126.5885238647461,271428700,-0.028416584572387975
2025-02-26,131.23699951171875,322553800,0.03606298840298956
2025-02-27,120.11064910888672,443175800,-0.08859145138795066
2025-02-28,124.87907409667969,389091100,0.03893246799676826
2025-03-03,114.02263641357422,411381400,-0.09094886812093542
2025-03-04,115.95201110839844,398163300,0.01677941445419693
2025-03-05,117.26158142089844,284337900,0.01123076972455992
2025-03-06,110.53378295898438,321181900,-0.05908597552508898
2025-03-07,112.6530990600586,341755500,0.01899197465158432
2025-03-10,106.94496154785156,366487400,-0.051998852953005666
2025-03-11,108.72437286376953,354865700,0.0165016663044641
2025-03-12,115.71273040771484,323857500,0.06229466722872613
2025-03-13,115.55277252197266,299033100,-0.0013833270351496358
2025-03-14,121.6413345336914,277593500,0.051349503358979635
2025-03-17,119.50183868408203,255501500,-0.017745076192819703
2025-03-18,115.4028091430664,299686900,-0.03490306129225978
2025-03-19,117.4923095703125,273426200,0.01794418453820409
2025-03-20,118.50206756591797,248829700,0.008557527259815392
2025-03-21,117.6722640991211,266498500,-0.007027070855381454
2025-03-24,121.38140106201172,228452500,0.031034325734698574
2025-03-25,120.66156768798828,167447200,-0.005947997580503561
2025-03-26,113.73320007324219,293463300,-0.059134310275674694
2025-03-27,111.40375518798828,236902100,-0.020694319286351886
2025-03-28,109.6441650390625,229872500,-0.01592077694349004
2025-03-31,108.35446166992188,299212700,-0.011832353585052373
2025-04-01,110.12405395507812,222614000,0.01619958812828833
2025-04-02,110.39398193359375,220601200,0.002448127312958385
2025-04-03,101.7760238647461,338769400,-0.08128106646665656
2025-04-04,94.28778076171875,532273800,-0.07642295152473849
2025-04-07,97.61698913574219,611041300,0.03469994438982112
2025-04-08,96.27731323242188,476243400,-0.013818840529489507
2025-04-09,114.30307006835938,612918300,0.17162072342566922
2025-04-10,107.5446548461914,437812400,-0.06094727494711714
2025-04-11,110.90386962890625,313417300,0.03075763147074194
2025-04-14,110.68392181396484,264705000,-0.0019851986045258275
2025-04-15,112.1735610961914,228966900,0.013368736367194111
2025-04-16,104.46538543701172,397016900,-0.07119154777139383
2025-04-17,101.46607971191406,292517500,-0.02913122409811859
2025-04-21,96.88717651367188,288501100,-0.04617737977834921
2025-04-22,98.86669921875,241004800,0.020225297468870862
2025-04-23,102.68579864501953,247526000,0.03790135709485257
2025-04-24,106.40491485595703,220815000,0.0355779407130693
2025-04-25,110.98385620117188,251064700,0.04213298300993362
2025-04-28,108.70439147949219,207708500,-0.020752557799449293
2025-04-29,108.99430847167969,170444300,0.0026634717032644885
2025-04-30,108.89433288574219,235044600,-0.0009176760415842781
2025-05-01,111.58370208740234,236121500,0.024397011671066938
2025-05-02,114.47303009033203,190194800,0.02556424954741541
2025-05-05,113.79318237304688,133163200,-0.0059566391374187445
2025-05-06,113.51325988769531,158525600,-0.002462953747123112
2025-05-07,117.03242492675781,206758800,0.03053137522671381
2025-05-08,117.34235382080078,198428100,0.0026447306007199795
2025-05-09,116.62252044677734,132972200,-0.006153365094515101
2025-05-12,122.97102355957031,225023300,0.05300634876742282
2025-05-13,129.89938354492188,330430100,0.05481143125028611
2025-05-14,135.30810546875,281180800,0.040794262711428365
2025-05-15,134.79824829101562,226632600,-0.003775237244109822
2025-05-16,135.36810302734375,226542500,0.004218553336866687
2025-05-19,135.53805541992188,193154600,0.001254695838942981
2025-05-20,134.3483428955078,161514200,-0.008816451945526478
2025-05-21,131.76895141601562,270608700,-0.019385979908510684
2025-05-22,132.7987060546875,187344000,0.007784472588990611
2025-05-23,131.25906372070312,198821300,-0.011661537423707832
2025-05-27,135.4680633544922,192953600,0.031562961731518485
2025-05-28,134.7782440185547,304021100,-0.005105126806973366
2025-05-29,139.15721130371094,369241900,0.03197351965516137
2025-05-30,135.09817504882812,333170900,-0.02960257386263701
2025-06-02,137.34764099121094,197663100,0.016513500505562415
2025-06-03,141.1867218017578,225578800,0.02756804517640441
2025-06-04,141.88656616210938,167120800,0.004944626116286623
2025-06-05,139.95703125,231397900,-0.013692452665405617
2025-06-06,141.6865997314453,153986200,0.01228211848812834
2025-06-09,142.59640502929688,185114500,0.006400723144077613
2025-06-10,143.92608642578125,155881900,0.009281581599223064
2025-06-11,142.80625915527344,167694000,-0.007810998523934495
2025-06-12,144.9759063720703,162365000,0.01507868509827403
2025-06-13,141.9464111328125,180820600,-0.021117965678290232
2025-06-16,144.66595458984375,183133700,0.018977723245708657
2025-06-17,144.09603881835938,139108000,-0.003947309718690903
2025-06-18,145.455810546875,161494100,0.009392319389974604
2025-06-20,143.8260955810547,242956200,-0.01126743272200272
2025-06-23,144.1460418701172,154308900,0.002222065117416276
2025-06-24,147.87539672851562,187566100,0.02554303986210498
2025-06-25,154.28436279296875,269146500,0.042427406190420444
2025-06-26,154.99423217773438,198145700,0.004590493120936221
2025-06-27,157.72378540039062,263234500,0.01745740501441185
2025-06-30,157.96376037597656,194580300,0.0015203325251185616
2025-07-01,153.2745361328125,213143600,-0.030134974737803088
2025-07-02,157.22386169433594,171224100,0.025439993152528935
2025-07-03,159.3135223388672,143716100,0.013203438882959067
2025-07-07,158.21371459960938,140139000,-0.006927356204234811
2025-07-08,159.97341918945312,138133000,0.011060928263480669
2025-07-09,162.85293579101562,183656400,0.01783988777058804
2025-07-10,164.07273864746094,167704100,0.0074622986953861055
2025-07-11,164.89259338378906,193633300,0.004984454919256748
2025-07-14,164.04273986816406,136975800,-0.0051673099282076845
2025-07-15,170.671630859375,230627400,0.039614420191223965
2025-07-16,171.34152221679688,158831500,0.00391734766955151
2025-07-17,172.97125244140625,160841100,0.009466639146369284
2025-07-18,172.38136291503906,146456400,-0.0034161611860592275
2025-07-21,171.35153198242188,123126100,-0.005992059702308101
2025-07-22,167.00225830078125,193114300,-0.025709853858088744
2025-07-23,170.75161743164062,154082200,0.022202635834811597
2025-07-24,173.7111358642578,128984600,0.017183810026743608
2025-07-25,173.47117614746094,122316800,-0.0013823270754584475
2025-07-28,176.7206268310547,140023500,0.01855865226448988
2025-07-29,175.4808349609375,154077500,-0.007040271693966676
2025-07-30,179.24021911621094,174312200,0.02119707794992163
2025-07-31,177.84043884277344,221685400,-0.007840175111206516
2025-08-01,173.69113159179688,204529000,-0.023608121226798857
2025-08-04,179.9700927734375,148174600,0.035512069773851344
2025-08-05,178.23037719726562,156407600,-0.009713718442209087
2025-08-06,179.3901824951172,137192300,0.00648625663512085
2025-08-07,180.73995971679688,151878400,0.0074960875747013345
2025-08-08,182.6696319580078,123396700,0.010619919900410979
2025-08-11,182.0297393798828,138323200,-0.0035091545807863955
2025-08-12,183.1295623779297,145485700,0.006023816556037098
2025-08-13,181.559814453125,179871700,-0.008608737841406948
2025-08-14,181.98974609375,129554000,0.0023651897166505477
2025-08-15,180.42001342773438,156602200,-0.008662804692042862
2025-08-18,181.97975158691406,132008000,0.008607885217185033
2025-08-19,175.61080932617188,185229200,-0.03562519003687552
2025-08-20,175.370849609375,215142700,-0.0013673634964971996
2025-08-21,174.95091247558594,140040900,-0.0023974379006856325
2025-08-22,177.96043395996094,172789400,0.01705581002367675
2025-08-25,179.78012084960938,163012800,0.01017330889317426
2025-08-26,181.7397918701172,168688200,0.010841395706416915
2025-08-27,181.56982421875,235518900,-0.0009356628960004141
2025-08-28,180.1400604248047,281787800,-0.007905624375742406
2025-08-29,174.1510467529297,243257900,-0.03381165435421267
2025-09-02,170.75161743164062,231164900,-0.019713036514491123
2025-09-03,170.59165954589844,164424900,-0.0009372260023245525
2025-09-04,171.63148498535156,141670100,0.006076904242296264
2025-09-05,166.9922637939453,224441400,-0.02740216240269134
2025-09-08,168.2820281982422,163769100,0.007693824414153946
2025-09-09,170.7316131591797,157548400,0.014451498666018775
2025-09-10,177.300537109375,226852000,0.03775343262051414
2025-09-11,177.1505584716797,151159300,-0.0008462586151700266
2025-09-12,177.80047607421875,124911000,0.0036620168169008314
2025-09-15,177.73048400878906,147061600,-0.0003937326094895513
2025-09-16,174.86080932617188,140737800,-0.01627798588375764
2025-09-17,170.27130126953125,211843800,-0.02659722737366243
2025-09-18,176.2206573486328,191763300,0.03434388991210669
2025-09-19,176.6505889892578,237182100,0.0024367633114044094
2025-09-22,183.58984375,269637000,0.038530451374934785
2025-09-23,178.410400390625,192559600,-0.028617642790173294
2025-09-24,176.9505615234375,143564100,-0.008216136468703266
2025-09-25,177.67050170898438,191586700,0.004060340737146719
2025-09-26,178.17044067382812,148573700,0.0028099031575023995
2025-09-29,181.83004760742188,193063500,0.020331822428759798
2025-09-30,186.55950927734375,236981000,0.02567782632915341
2025-10-01,187.21945190429688,173844900,0.003531195606199452
2025-10-02,188.8692626953125,136805800,0.008773575541577188
2025-10-03,187.59939575195312,137596900,-0.006746228303479965
2025-10-06,185.51962280273438,157678100,-0.011148155872539896
2025-10-07,185.01968383789062,140088000,-0.0026984412139084047
2025-10-08,189.0892333984375,130168900,0.02175681948046783
2025-10-09,192.54885864257812,182997200,0.018130894630978597
2025-10-10,183.139892578125,268774400,-0.05009963153015511
2025-10-13,188.29933166503906,153482800,0.027782585224038966
2025-10-14,180.01022338867188,205641400,-0.045019240466326105
2025-10-15,179.8102569580078,214450500,-0.0011114789856192203
2025-10-16,181.7900390625,179723300,0.01095022271154542
2025-10-17,183.19989013671875,173135200,0.007725462942447067
2025-10-20,182.6199493408203,128544700,-0.003170638763439442
2025-10-21,181.14010620117188,124240200,-0.008136414546060781
2025-10-22,180.2602081298828,162249600,-0.004869391502995129
2025-10-23,182.13999938964844,111363700,0.010374211051715317
2025-10-24,186.23953247070312,131296700,0.022258035392054606
2025-10-27,191.46897888183594,153452700,0.027692151144970024
2025-10-28,201.0079345703125,297986200,0.04861857742843619
2025-10-29,207.01727294921875,308829600,0.02945785122908878
2025-10-30,202.8677215576172,178864400,-0.020248085279448852
2025-10-31,202.4677734375,179802200,-0.0019734183403692595
2025-11-03,206.85728454589844,180267300,0.021448378486165685
2025-11-04,198.66818237304688,188919300,-0.04039310108689996
2025-11-05,195.18858337402344,171350300,-0.01766982230750043
2025-11-06,188.05935668945312,223029800,-0.037208545384962245
2025-11-07,188.1293487548828,264942300,0.0003721114707823952
2025-11-10,199.0281524658203,198897100,0.05631653285510292
2025-11-11,193.1387939453125,176483300,-0.030037214335174377
2025-11-12,193.7787322998047,154935300,0.003307882918741538
2025-11-13,186.8394775390625,207423100,-0.03646711365097375
2025-11-14,190.1491241455078,186591900,0.017558788910905374
2025-11-17,186.5795135498047,173628900,-0.018951133903844657
2025-11-18,181.340087890625,213598900,-0.028483287444823868
2025-11-19,186.49951171875,247246400,0.028054414059495738
2025-11-20,180.6201629638672,343504800,-0.032032341881092705
2025-11-21,178.86036682128906,346926200,-0.009790851268402874
2025-11-24,182.52996826171875,256618300,0.020308941393949672
2025-11-25,177.80047607421875,320600300,-0.02625236853586816
2025-11-26,180.24020385742188,183852000,0.013628426497535618
2025-11-28,176.98056030273438,121332800,-0.018250529412443567
2025-12-01,179.90025329589844,188131000,0.01636265119304991
2025-12-02,181.44007873535156,182632200,0.008522905549192543
2025-12-03,179.57028198242188,165138000,-0.010358780113431765
2025-12-04,183.37008666992188,167364900,0.02093976783855516
2025-12-05,182.40013122558594,143971100,-0.005303645132968149
2025-12-08,185.5399627685547,204378100,0.017067494481283838
2025-12-09,184.95999145507812,144719700,-0.0031307522745196094
2025-12-10,183.77005004882812,162785400,-0.006454291233027983
2025-12-11,180.92019653320312,182136600,-0.01562921714424143
2025-12-12,175.01052856445312,204274900,-0.03320989556876012
2025-12-15,176.28045654296875,164775600,0.0072300945050929495
2025-12-16,177.71038818359375,148588100,0.00807896271619421
2025-12-17,170.93075561523438,222775500,-0.03889665598996
2025-12-18,174.1305694580078,176096000,0.01854688041923136
2025-12-19,180.98020935058594,324925900,0.03858226769342382
2025-12-22,183.6800537109375,129064400,0.014807720863768647
2025-12-23,189.19976806640625,174873600,0.02960802520538894
2025-12-24,188.59979248046875,65528500,-0.003176160869262579
2025-12-26,190.51968383789062,139740300,0.010128246578782895
2025-12-29,188.20980834960938,120006100,-0.012198174039463773
2025-12-30,187.52984619140625,97687300,-0.003619329992199417
2025-12-31,186.4899139404297,120100500,-0.005560855557135792
2026-01-02,188.83978271484375,148240500,0.012521788173345913
2026-01-05,188.1098175048828,183529700,-0.0038730170930417218
2026-01-06,187.22987365722656,176862600,-0.004688795139394922
2026-01-07,189.09976196289062,153543200,0.009937584060043825
2026-01-08,185.0299835205078,172457000,-0.02175683184431315
2026-01-09,184.84999084472656,131327500,-0.0009732491752103244
2026-01-12,184.92999267578125,137968500,0.000432699636909862
2026-01-13,185.79994201660156,160128900,0.004693178813997547
2026-01-14,183.1300811767578,159586100,-0.014473787878718945
2026-01-15,187.03988647460938,206188600,0.021125164339048683
2026-01-16,186.21990966796875,187967200,-0.0043936053878168
2026-01-20,178.06036376953125,223345300,-0.04480567027408543
2026-01-21,183.31008911132812,200381000,0.029056579750963277
2026-01-22,184.82998657226562,139636600,0.00825721619066442
2026-01-23,187.6598358154297,142748100,0.015194528911584565
2026-01-26,186.4599151611328,124799600,-0.006414656086299057
2026-01-27,188.50979614257812,143711600,0.010933690593106213
2026-01-28,191.5096435546875,148552700,0.015788190876832572
2026-01-29,192.49957275390625,171764400,0.005155768924444679
2026-01-30,191.11965942382812,179489500,-0.007194213250918772
2026-02-02,185.59996032714844,165794100,-0.029306114416740678
2026-02-03,180.33023071289062,204019600,-0.028803821486399327
2026-02-04,174.18057250976562,207014100,-0.03469725096611551
2026-02-05,171.87069702148438,206312900,-0.013350101548895904
2026-02-06,185.39996337890625,231346200,0.07577302301087933
2026-02-09,190.0297088623047,196387400,0.024664966763379943
2026-02-10,188.52978515625,136764800,-0.007924416525772629
2026-02-11,190.0397186279297,144192700,0.007977089879130206
2026-02-12,186.9298858642578,189932500,-0.01649949107976325
2026-02-13,182.80010986328125,161888000,-0.022340344621430332
2026-02-17,184.95999145507812,162276900,0.011746279262754105
2026-02-18,187.96981811523438,164749100,0.016141868716214123
2026-02-19,187.88983154296875,126554500,-0.0004256193690695209
2026-02-20,189.8097381591797,178422300,0.010166403704481202
2026-02-23,191.53964233398438,171584800,0.00907260443723529
2026-02-24,192.83956909179688,175123600,0.006763798223351665
2026-02-25,195.54940795898438,250637100,0.013954478630994869
2026-02-26,184.87998962402344,360807900,-0.056106163785103344
2026-02-27,177.180419921875,311636500,-0.04253837483251021
2026-03-02,182.47012329101562,209095300,0.029417916615645075
2026-03-03,180.04025268554688,178099400,-0.013405999706042235
2026-03-04,183.03009033203125,177731200,0.01647011544804586
2026-03-05,183.330078125,198779700,0.0016376663504562787
2026-03-06,177.8103790283203,189021900,-0.030570537605429608
2026-03-09,182.64010620117188,177213600,0.026799887586009843
2026-03-10,184.760009765625,179118500,0.011540154718599876
2026-03-11,186.02999877929688,145280400,0.006850206049899695
2026-03-12,183.13999938964844,155762700,-0.015657060121153334
2026-03-13,180.25,160988400,-0.01590610818182284
2026-03-16,183.22000122070312,217307400,0.016342847084503342
2026-03-17,181.92999267578125,182497800,-0.0070656657992947056
2026-03-18,180.39999389648438,156683100,-0.008445383654979622
2026-03-19,178.55999755859375,170968500,-0.010251908275091526
2026-03-20,172.6999969482422,241323500,-0.03336869803842486
2026-03-23,175.63999938964844,182836300,0.01688047473673104
2026-03-24,175.1999969482422,147667800,-0.002508281134920151
2026-03-25,178.67999267578125,162602100,0.019668294409632546
2026-03-26,171.24000549316406,186152200,-0.04253034213772591
2026-03-27,167.52000427246094,196212700,-0.021963340729077872
2026-03-30,165.1699981689453,185627000,-0.014127537179291032
2026-03-31,174.39999389648438,226181300,0.054376241030536364
2026-04-01,175.75,168132000,0.007711054213118247
2026-04-02,177.38999938964844,143143200,0.009288164369341389
2026-04-06,177.63999938964844,107564300,0.0014083319278955812
2026-04-07,178.10000610351562,132534900,0.002586197577764938
2026-04-08,182.0800018310547,147732700,0.022100936428509733
2026-04-09,183.91000366210938,116428500,0.010000366429111892
2026-04-10,188.6300048828125,160459500,0.025340922819897742
2026-04-13,189.30999755859375,133648200,0.003598419882182582
2026-04-14,196.50999450683594,161307000,0.03732742252058659
2026-04-15,198.8699951171875,185338400,0.011938027722559317
2026-04-16,198.35000610351562,134012900,-0.002618142636842663
2026-04-17,201.67999267578125,160324400,0.016649068831843417
2026-04-20,202.05999755859375,119381400,0.0018824243533806851
2026-04-21,199.8800048828125,107945300,-0.010847460012281764
2026-04-22,202.5,107501000,0.013022675641870152
2026-04-23,199.63999938964844,113561800,-0.014224145002446242
2026-04-24,208.27000427246094,214134400,0.042319593820825736
2026-04-27,216.61000061035156,187172400,0.03926316900565752
2026-04-28,213.1699981689453,180275400,-0.016008543515173078
2026-04-29,209.25,123711800,-0.01856025148587312
2026-04-30,199.57000732421875,225239200,-0.047364620689692674
2026-05-01,198.4499969482422,128647000,-0.005627924828786003
2026-05-04,198.47999572753906,125368100,0.00015115400653788937
2026-05-05,196.5,113406600,-0.010025886548327841
2026-05-06,207.8300018310547,188362800,0.05605801533201417
2026-05-07,211.5,168307900,0.017504551845002613
2026-05-08,215.1999969482422,136421400,0.017342815620265937
2026-05-11,219.44000244140625,160685800,0.019511043648370138
2026-05-12,220.77999877929688,159176600,0.0060878673061894135
2026-05-13,225.8300018310547,150405400,0.02261578687616553
2026-05-14,235.74000549316406,180782900,0.04294701416288977
2026-05-15,225.32000732421875,180977600,-0.04520787956784801
2026-05-18,222.32000732421875,146280900,-0.01340382815362892
2026-05-19,220.61000061035156,140948200,-0.007721378904410723
2026-05-20,223.47000122070312,184201600,0.012880742844461066
2026-05-21,219.50999450683594,203381800,-0.017879417779403134
2026-05-22,215.3300018310547,169275700,-0.01922602091738551
2026-05-26,214.86000061035156,187202600,-0.0021850875429076126
2026-05-27,212.60000610351562,167601200,-0.01057416146232698
2026-05-28,214.25,143996000,0.007731062861125708
2026-05-29,211.13999938964844,289410600,-0.014622139807083814
2026-06-01,224.36000061035156,212850700,0.06073048968974255
2026-06-02,222.82000732421875,193362900,-0.006887603858815381
2026-06-03,214.75,160907000,-0.03688974263736772
2026-06-04,218.66000366210938,169022200,0.01804346788993575
2026-06-05,205.10000610351562,219655500,-0.06402033391723558
2026-06-08,208.63999938964844,138372800,0.017112580975841913
2026-06-09,208.19000244140625,180962500,-0.0021591397984066225
2026-06-10,200.4199981689453,161746600,-0.03803598052040507
2026-06-11,204.8699951171875,158643200,0.02196045231330065
2026-06-12,205.19000244140625,112001800,0.0015607832565316107
2026-06-15,212.4499969482422,149936700,0.034770261132300154
2026-06-16,207.41000366210938,125694100,-0.02400912389906229
2026-06-17,204.64999389648438,128363500,-0.013396355182919829
2026-06-18,210.69000244140625,241272000,0.02908669731246372
2026-06-22,208.64999389648438,122041400,-0.009729692641559137
2026-06-23,200.0399932861328,153496200,-0.04214086479707091
2026-06-24,199.0,151810700,-0.005212488263586544
2026-06-25,195.74000549316406,149550000,-0.016517548663244935
2026-06-26,192.52999877929688,179304100,-0.016535296660330157
2026-06-29,194.97000122070312,148835700,0.012593727434429082
2026-06-30,200.08999633789062,166476700,0.025921540190744
2026-07-01,197.5800018310547,146147600,-0.012623672142353475
2026-07-02,194.8300018310547,142068700,-0.014016182027723867
2026-07-06,195.5500030517578,108999000,0.0036887239515329033
2026-07-07,196.92999267578125,123810500,0.00703218164456726
2026-07-08,197.56500244140625,17469726,0.003219358024489655
